video,label,frame,verdict,score
test/real_video/0.mp4,real,0,real,0.8897
test/real_video/0.mp4,real,21,spoof,0.6507
test/real_video/0.mp4,real,42,spoof,0.4986
test/real_video/0.mp4,real,64,spoof,0.654
test/real_video/0.mp4,real,85,spoof,0.7507
test/real_video/0.mp4,real,107,spoof,0.7384
test/real_video/0.mp4,real,128,real,0.9382
test/real_video/0.mp4,real,149,spoof,0.6029
test/real_video/0.mp4,real,171,real,0.8866
test/real_video/0.mp4,real,192,spoof,0.6437
test/real_video/0.mp4,real,214,real,0.9533
test/real_video/0.mp4,real,235,real,0.9576
test/real_video/0.mp4,real,257,real,0.8669
test/real_video/0.mp4,real,278,spoof,0.5392
test/real_video/0.mp4,real,299,spoof,0.7831
test/real_video/0.mp4,real,321,spoof,0.7218
test/real_video/0.mp4,real,342,spoof,0.7458
test/real_video/0.mp4,real,364,spoof,0.6633
test/real_video/0.mp4,real,385,spoof,0.7082
test/real_video/0.mp4,real,407,spoof,0.7002
test/real_video/1.mp4,real,0,real,0.9985
test/real_video/1.mp4,real,14,real,0.9994
test/real_video/1.mp4,real,29,real,0.9994
test/real_video/1.mp4,real,44,real,0.9992
test/real_video/1.mp4,real,58,real,0.9988
test/real_video/1.mp4,real,73,real,0.9994
test/real_video/1.mp4,real,88,real,0.9972
test/real_video/1.mp4,real,102,real,0.9937
test/real_video/1.mp4,real,117,real,0.9983
test/real_video/1.mp4,real,132,real,0.9998
test/real_video/1.mp4,real,146,real,0.9999
test/real_video/1.mp4,real,161,real,0.9999
test/real_video/1.mp4,real,176,real,0.9992
test/real_video/1.mp4,real,190,spoof,0.67
test/real_video/1.mp4,real,205,real,0.8956
test/real_video/1.mp4,real,220,real,0.9987
test/real_video/1.mp4,real,234,real,0.9998
test/real_video/1.mp4,real,249,real,0.9998
test/real_video/1.mp4,real,264,real,0.9998
test/real_video/1.mp4,real,279,real,0.9993
test/real_video/10.mp4,real,0,real,0.9998
test/real_video/10.mp4,real,23,real,1.0
test/real_video/10.mp4,real,47,real,0.9999
test/real_video/10.mp4,real,71,real,1.0
test/real_video/10.mp4,real,95,real,0.9971
test/real_video/10.mp4,real,118,real,0.9997
test/real_video/10.mp4,real,142,real,1.0
test/real_video/10.mp4,real,166,real,0.9999
test/real_video/10.mp4,real,190,real,1.0
test/real_video/10.mp4,real,214,real,0.9987
test/real_video/10.mp4,real,237,real,0.9995
test/real_video/10.mp4,real,261,real,0.9996
test/real_video/10.mp4,real,285,real,0.9993
test/real_video/10.mp4,real,309,real,0.9994
test/real_video/10.mp4,real,333,real,0.8805
test/real_video/10.mp4,real,356,real,0.8656
test/real_video/10.mp4,real,380,real,0.9984
test/real_video/10.mp4,real,404,real,0.9985
test/real_video/10.mp4,real,428,real,0.9992
test/real_video/10.mp4,real,452,real,0.9996
test/real_video/11.mp4,real,0,real,0.9997
test/real_video/11.mp4,real,14,real,0.9994
test/real_video/11.mp4,real,28,real,0.9998
test/real_video/11.mp4,real,42,real,1.0
test/real_video/11.mp4,real,57,real,0.9999
test/real_video/11.mp4,real,71,real,0.9998
test/real_video/11.mp4,real,85,real,0.9988
test/real_video/11.mp4,real,99,real,1.0
test/real_video/11.mp4,real,114,real,0.9999
test/real_video/11.mp4,real,128,real,1.0
test/real_video/11.mp4,real,142,real,0.9998
test/real_video/11.mp4,real,156,real,0.9996
test/real_video/11.mp4,real,171,real,0.9983
test/real_video/11.mp4,real,185,real,0.9977
test/real_video/11.mp4,real,199,real,0.9999
test/real_video/11.mp4,real,213,real,0.9996
test/real_video/11.mp4,real,228,real,1.0
test/real_video/11.mp4,real,242,real,0.9999
test/real_video/11.mp4,real,256,real,1.0
test/real_video/11.mp4,real,271,real,0.9998
test/real_video/12.mp4,real,0,spoof,0.3225
test/real_video/12.mp4,real,28,spoof,0.5516
test/real_video/12.mp4,real,57,spoof,0.8066
test/real_video/12.mp4,real,86,real,0.9512
test/real_video/12.mp4,real,114,spoof,0.1133
test/real_video/12.mp4,real,143,spoof,0.0987
test/real_video/12.mp4,real,172,spoof,0.2957
test/real_video/12.mp4,real,201,spoof,0.3087
test/real_video/12.mp4,real,229,spoof,0.6702
test/real_video/12.mp4,real,258,spoof,0.3367
test/real_video/12.mp4,real,287,spoof,0.0651
test/real_video/12.mp4,real,316,spoof,0.1525
test/real_video/12.mp4,real,344,spoof,0.7887
test/real_video/12.mp4,real,373,spoof,0.5682
test/real_video/12.mp4,real,402,spoof,0.5132
test/real_video/12.mp4,real,431,spoof,0.3643
test/real_video/12.mp4,real,459,spoof,0.5302
test/real_video/12.mp4,real,488,spoof,0.013
test/real_video/12.mp4,real,517,spoof,0.0615
test/real_video/12.mp4,real,546,spoof,0.049
test/real_video/13.mp4,real,0,real,0.9067
test/real_video/13.mp4,real,18,real,0.9768
test/real_video/13.mp4,real,36,real,0.9731
test/real_video/13.mp4,real,54,real,0.9914
test/real_video/13.mp4,real,72,real,0.9896
test/real_video/13.mp4,real,90,real,0.9522
test/real_video/13.mp4,real,108,spoof,0.7191
test/real_video/13.mp4,real,127,real,0.9512
test/real_video/13.mp4,real,145,spoof,0.793
test/real_video/13.mp4,real,163,real,0.9705
test/real_video/13.mp4,real,181,real,0.9749
test/real_video/13.mp4,real,199,spoof,0.8193
test/real_video/13.mp4,real,217,spoof,0.7728
test/real_video/13.mp4,real,236,real,0.886
test/real_video/13.mp4,real,254,real,0.9991
test/real_video/13.mp4,real,272,real,0.972
test/real_video/13.mp4,real,290,real,0.9114
test/real_video/13.mp4,real,308,real,0.9558
test/real_video/13.mp4,real,326,real,0.9545
test/real_video/13.mp4,real,345,spoof,0.6747
test/real_video/14.mp4,real,0,real,0.8711
test/real_video/14.mp4,real,16,real,0.945
test/real_video/14.mp4,real,33,spoof,0.7151
test/real_video/14.mp4,real,50,spoof,0.7804
test/real_video/14.mp4,real,67,real,0.9254
test/real_video/14.mp4,real,84,real,0.9021
test/real_video/14.mp4,real,101,spoof,0.3532
test/real_video/14.mp4,real,118,real,0.9808
test/real_video/14.mp4,real,135,real,0.9621
test/real_video/14.mp4,real,152,spoof,0.5704
test/real_video/14.mp4,real,168,spoof,0.5973
test/real_video/14.mp4,real,185,real,0.8728
test/real_video/14.mp4,real,202,spoof,0.6962
test/real_video/14.mp4,real,219,real,0.9446
test/real_video/14.mp4,real,236,spoof,0.6627
test/real_video/14.mp4,real,253,spoof,0.4956
test/real_video/14.mp4,real,270,spoof,0.831
test/real_video/14.mp4,real,287,spoof,0.5216
test/real_video/14.mp4,real,304,spoof,0.713
test/real_video/14.mp4,real,321,spoof,0.5733
test/real_video/15.mp4,real,0,real,0.951
test/real_video/15.mp4,real,22,real,0.9214
test/real_video/15.mp4,real,44,spoof,0.7589
test/real_video/15.mp4,real,66,real,0.9389
test/real_video/15.mp4,real,89,real,0.9416
test/real_video/15.mp4,real,111,real,0.9918
test/real_video/15.mp4,real,133,real,0.9915
test/real_video/15.mp4,real,156,real,0.9963
test/real_video/15.mp4,real,178,real,0.9976
test/real_video/15.mp4,real,200,real,0.9544
test/real_video/15.mp4,real,223,real,0.9946
test/real_video/15.mp4,real,245,real,0.8799
test/real_video/15.mp4,real,267,real,0.9054
test/real_video/15.mp4,real,290,real,0.951
test/real_video/15.mp4,real,312,real,0.9854
test/real_video/15.mp4,real,334,real,0.9506
test/real_video/15.mp4,real,357,real,0.983
test/real_video/15.mp4,real,379,real,0.9899
test/real_video/15.mp4,real,401,real,0.9863
test/real_video/15.mp4,real,424,real,0.9624
test/real_video/16.mp4,real,0,real,0.9995
test/real_video/16.mp4,real,9,real,0.9969
test/real_video/16.mp4,real,18,real,0.9974
test/real_video/16.mp4,real,28,real,0.9897
test/real_video/16.mp4,real,37,real,0.9935
test/real_video/16.mp4,real,47,real,0.9991
test/real_video/16.mp4,real,56,real,0.9958
test/real_video/16.mp4,real,65,real,0.9979
test/real_video/16.mp4,real,75,real,0.963
test/real_video/16.mp4,real,84,real,0.9909
test/real_video/16.mp4,real,94,real,0.9989
test/real_video/16.mp4,real,103,real,0.9767
test/real_video/16.mp4,real,113,real,0.86
test/real_video/16.mp4,real,122,real,0.9907
test/real_video/16.mp4,real,131,real,0.9956
test/real_video/16.mp4,real,141,real,0.9998
test/real_video/16.mp4,real,150,real,0.9997
test/real_video/16.mp4,real,160,real,0.9999
test/real_video/16.mp4,real,169,real,0.9993
test/real_video/16.mp4,real,179,real,0.9984
test/real_video/17.mp4,real,0,real,1.0
test/real_video/17.mp4,real,11,real,1.0
test/real_video/17.mp4,real,22,real,1.0
test/real_video/17.mp4,real,33,real,1.0
test/real_video/17.mp4,real,44,real,1.0
test/real_video/17.mp4,real,55,real,1.0
test/real_video/17.mp4,real,66,real,1.0
test/real_video/17.mp4,real,77,real,1.0
test/real_video/17.mp4,real,88,real,1.0
test/real_video/17.mp4,real,99,real,1.0
test/real_video/17.mp4,real,111,real,1.0
test/real_video/17.mp4,real,122,real,1.0
test/real_video/17.mp4,real,133,real,1.0
test/real_video/17.mp4,real,144,real,1.0
test/real_video/17.mp4,real,155,real,1.0
test/real_video/17.mp4,real,166,real,1.0
test/real_video/17.mp4,real,177,real,1.0
test/real_video/17.mp4,real,188,real,0.9999
test/real_video/17.mp4,real,199,real,1.0
test/real_video/17.mp4,real,211,real,1.0
test/real_video/18.mp4,real,0,real,0.9873
test/real_video/18.mp4,real,20,real,0.9915
test/real_video/18.mp4,real,41,real,0.9993
test/real_video/18.mp4,real,62,real,0.9997
test/real_video/18.mp4,real,83,real,0.9979
test/real_video/18.mp4,real,104,real,0.989
test/real_video/18.mp4,real,125,real,0.9886
test/real_video/18.mp4,real,146,real,0.9959
test/real_video/18.mp4,real,167,real,0.9937
test/real_video/18.mp4,real,188,real,0.9799
test/real_video/18.mp4,real,208,real,0.9999
test/real_video/18.mp4,real,229,real,0.9163
test/real_video/18.mp4,real,250,real,0.9997
test/real_video/18.mp4,real,271,real,0.9968
test/real_video/18.mp4,real,292,spoof,0.7608
test/real_video/18.mp4,real,313,real,0.9713
test/real_video/18.mp4,real,334,real,0.9597
test/real_video/18.mp4,real,355,real,0.9931
test/real_video/18.mp4,real,376,real,0.9892
test/real_video/18.mp4,real,397,real,0.9985
test/real_video/19.mp4,real,0,real,0.9948
test/real_video/19.mp4,real,12,real,0.9933
test/real_video/19.mp4,real,24,real,0.9921
test/real_video/19.mp4,real,36,real,0.9947
test/real_video/19.mp4,real,48,real,0.9967
test/real_video/19.mp4,real,60,real,0.8557
test/real_video/19.mp4,real,72,real,0.9319
test/real_video/19.mp4,real,84,real,0.8879
test/real_video/19.mp4,real,96,real,0.9989
test/real_video/19.mp4,real,108,real,0.9984
test/real_video/19.mp4,real,120,real,0.9993
test/real_video/19.mp4,real,132,real,0.9994
test/real_video/19.mp4,real,144,real,0.9979
test/real_video/19.mp4,real,156,real,0.9986
test/real_video/19.mp4,real,168,real,0.9995
test/real_video/19.mp4,real,180,real,0.9975
test/real_video/19.mp4,real,192,real,0.9923
test/real_video/19.mp4,real,204,real,0.9964
test/real_video/19.mp4,real,216,real,0.9971
test/real_video/19.mp4,real,229,real,0.997
test/real_video/2.mp4,real,0,real,0.9791
test/real_video/2.mp4,real,15,real,0.9755
test/real_video/2.mp4,real,30,real,0.9759
test/real_video/2.mp4,real,45,real,0.9654
test/real_video/2.mp4,real,60,real,0.98
test/real_video/2.mp4,real,76,real,0.9514
test/real_video/2.mp4,real,91,real,0.8837
test/real_video/2.mp4,real,106,real,0.9113
test/real_video/2.mp4,real,121,real,0.9868
test/real_video/2.mp4,real,136,real,0.9817
test/real_video/2.mp4,real,152,real,0.9946
test/real_video/2.mp4,real,167,real,0.9948
test/real_video/2.mp4,real,182,real,0.981
test/real_video/2.mp4,real,197,real,0.9946
test/real_video/2.mp4,real,212,real,0.9877
test/real_video/2.mp4,real,228,real,0.9934
test/real_video/2.mp4,real,243,real,0.9576
test/real_video/2.mp4,real,258,real,0.9733
test/real_video/2.mp4,real,273,real,0.9803
test/real_video/2.mp4,real,289,real,0.9957
test/real_video/20.mp4,real,0,real,1.0
test/real_video/20.mp4,real,12,real,0.9999
test/real_video/20.mp4,real,24,real,0.9999
test/real_video/20.mp4,real,36,real,1.0
test/real_video/20.mp4,real,49,real,0.9999
test/real_video/20.mp4,real,61,real,1.0
test/real_video/20.mp4,real,73,real,0.9999
test/real_video/20.mp4,real,85,real,0.9999
test/real_video/20.mp4,real,98,real,0.9999
test/real_video/20.mp4,real,110,real,1.0
test/real_video/20.mp4,real,122,real,1.0
test/real_video/20.mp4,real,134,real,0.9999
test/real_video/20.mp4,real,147,real,1.0
test/real_video/20.mp4,real,159,real,1.0
test/real_video/20.mp4,real,171,real,0.9999
test/real_video/20.mp4,real,183,real,1.0
test/real_video/20.mp4,real,196,real,0.9999
test/real_video/20.mp4,real,208,real,1.0
test/real_video/20.mp4,real,220,real,1.0
test/real_video/20.mp4,real,233,real,0.9998
test/real_video/21.mp4,real,0,real,0.9888
test/real_video/21.mp4,real,19,real,0.9911
test/real_video/21.mp4,real,38,real,0.9648
test/real_video/21.mp4,real,58,spoof,0.8402
test/real_video/21.mp4,real,77,real,0.8704
test/real_video/21.mp4,real,97,real,0.9954
test/real_video/21.mp4,real,116,real,0.9161
test/real_video/21.mp4,real,136,real,0.9887
test/real_video/21.mp4,real,155,real,0.9935
test/real_video/21.mp4,real,175,real,0.9618
test/real_video/21.mp4,real,194,real,0.9848
test/real_video/21.mp4,real,214,real,0.9958
test/real_video/21.mp4,real,233,real,0.97
test/real_video/21.mp4,real,253,real,0.9639
test/real_video/21.mp4,real,272,real,0.9661
test/real_video/21.mp4,real,292,real,0.986
test/real_video/21.mp4,real,311,real,0.9935
test/real_video/21.mp4,real,331,real,0.9669
test/real_video/21.mp4,real,350,real,0.9892
test/real_video/21.mp4,real,370,real,0.9969
test/real_video/22.mp4,real,0,real,0.9997
test/real_video/22.mp4,real,8,real,0.9997
test/real_video/22.mp4,real,16,real,0.9998
test/real_video/22.mp4,real,24,real,0.9996
test/real_video/22.mp4,real,32,real,0.9987
test/real_video/22.mp4,real,40,real,0.9996
test/real_video/22.mp4,real,48,real,0.9998
test/real_video/22.mp4,real,56,real,0.9931
test/real_video/22.mp4,real,64,real,0.9999
test/real_video/22.mp4,real,72,real,1.0
test/real_video/22.mp4,real,81,real,1.0
test/real_video/22.mp4,real,89,real,0.9997
test/real_video/22.mp4,real,97,real,0.9997
test/real_video/22.mp4,real,105,real,0.9998
test/real_video/22.mp4,real,113,real,0.9994
test/real_video/22.mp4,real,121,real,0.9997
test/real_video/22.mp4,real,129,real,0.9998
test/real_video/22.mp4,real,137,real,0.9999
test/real_video/22.mp4,real,145,real,0.9999
test/real_video/22.mp4,real,154,real,0.9999
test/real_video/23.mp4,real,0,real,0.995
test/real_video/23.mp4,real,25,real,0.9999
test/real_video/23.mp4,real,50,real,0.9997
test/real_video/23.mp4,real,75,real,1.0
test/real_video/23.mp4,real,100,real,1.0
test/real_video/23.mp4,real,126,real,1.0
test/real_video/23.mp4,real,151,real,1.0
test/real_video/23.mp4,real,176,real,0.9995
test/real_video/23.mp4,real,201,real,1.0
test/real_video/23.mp4,real,226,real,0.9999
test/real_video/23.mp4,real,252,real,1.0
test/real_video/23.mp4,real,277,real,1.0
test/real_video/23.mp4,real,302,real,1.0
test/real_video/23.mp4,real,327,real,1.0
test/real_video/23.mp4,real,352,real,1.0
test/real_video/23.mp4,real,378,real,1.0
test/real_video/23.mp4,real,403,real,1.0
test/real_video/23.mp4,real,428,real,0.9997
test/real_video/23.mp4,real,453,real,1.0
test/real_video/23.mp4,real,479,real,1.0
test/real_video/24.mp4,real,0,spoof,0.5088
test/real_video/24.mp4,real,8,spoof,0.5503
test/real_video/24.mp4,real,16,spoof,0.6566
test/real_video/24.mp4,real,24,real,0.8907
test/real_video/24.mp4,real,33,real,0.8835
test/real_video/24.mp4,real,41,spoof,0.6755
test/real_video/24.mp4,real,49,spoof,0.5193
test/real_video/24.mp4,real,58,spoof,0.0335
test/real_video/24.mp4,real,66,spoof,0.0361
test/real_video/24.mp4,real,74,real,0.9837
test/real_video/24.mp4,real,83,real,0.9889
test/real_video/24.mp4,real,91,real,0.9833
test/real_video/24.mp4,real,99,real,0.999
test/real_video/24.mp4,real,108,real,0.9623
test/real_video/24.mp4,real,116,spoof,0.5605
test/real_video/24.mp4,real,124,spoof,0.5345
test/real_video/24.mp4,real,133,spoof,0.574
test/real_video/24.mp4,real,141,spoof,0.6571
test/real_video/24.mp4,real,149,spoof,0.4615
test/real_video/24.mp4,real,158,spoof,0.5349
test/real_video/25.mp4,real,0,real,0.9998
test/real_video/25.mp4,real,18,real,1.0
test/real_video/25.mp4,real,36,real,0.9999
test/real_video/25.mp4,real,54,real,1.0
test/real_video/25.mp4,real,72,real,0.9999
test/real_video/25.mp4,real,90,real,0.9999
test/real_video/25.mp4,real,108,real,0.9997
test/real_video/25.mp4,real,126,real,0.9811
test/real_video/25.mp4,real,144,spoof,0.7439
test/real_video/25.mp4,real,162,real,0.9585
test/real_video/25.mp4,real,180,real,0.9999
test/real_video/25.mp4,real,198,real,0.986
test/real_video/25.mp4,real,216,real,0.9437
test/real_video/25.mp4,real,234,spoof,0.6216
test/real_video/25.mp4,real,252,real,0.9987
test/real_video/25.mp4,real,270,real,1.0
test/real_video/25.mp4,real,288,real,0.9857
test/real_video/25.mp4,real,306,real,1.0
test/real_video/25.mp4,real,324,real,0.9994
test/real_video/25.mp4,real,342,real,0.9995
test/real_video/26.mp4,real,0,real,0.9934
test/real_video/26.mp4,real,8,real,0.9884
test/real_video/26.mp4,real,16,real,0.9946
test/real_video/26.mp4,real,25,real,0.9988
test/real_video/26.mp4,real,33,real,0.9932
test/real_video/26.mp4,real,41,real,0.9995
test/real_video/26.mp4,real,50,real,0.9996
test/real_video/26.mp4,real,58,real,0.9996
test/real_video/26.mp4,real,66,real,0.9996
test/real_video/26.mp4,real,75,real,0.9999
test/real_video/26.mp4,real,83,real,0.9954
test/real_video/26.mp4,real,92,real,0.978
test/real_video/26.mp4,real,100,real,0.9881
test/real_video/26.mp4,real,108,real,0.9997
test/real_video/26.mp4,real,117,real,0.9999
test/real_video/26.mp4,real,125,real,0.9997
test/real_video/26.mp4,real,133,real,0.9997
test/real_video/26.mp4,real,142,real,0.9989
test/real_video/26.mp4,real,150,real,0.9997
test/real_video/26.mp4,real,159,real,0.9997
test/real_video/27.mp4,real,0,real,1.0
test/real_video/27.mp4,real,10,real,0.9998
test/real_video/27.mp4,real,21,real,0.9999
test/real_video/27.mp4,real,31,real,1.0
test/real_video/27.mp4,real,42,real,0.9996
test/real_video/27.mp4,real,52,real,0.9998
test/real_video/27.mp4,real,63,real,0.9998
test/real_video/27.mp4,real,74,real,1.0
test/real_video/27.mp4,real,84,real,1.0
test/real_video/27.mp4,real,95,real,0.9999
test/real_video/27.mp4,real,105,real,1.0
test/real_video/27.mp4,real,116,real,0.9982
test/real_video/27.mp4,real,126,real,0.9988
test/real_video/27.mp4,real,137,real,0.9997
test/real_video/27.mp4,real,148,real,1.0
test/real_video/27.mp4,real,158,real,0.9998
test/real_video/27.mp4,real,169,real,0.9994
test/real_video/27.mp4,real,179,real,0.9987
test/real_video/27.mp4,real,190,real,0.9992
test/real_video/27.mp4,real,201,real,0.9999
test/real_video/28.mp4,real,0,real,0.995
test/real_video/28.mp4,real,23,real,0.9485
test/real_video/28.mp4,real,46,real,0.9208
test/real_video/28.mp4,real,69,spoof,0.805
test/real_video/28.mp4,real,92,real,0.9922
test/real_video/28.mp4,real,115,real,0.9926
test/real_video/28.mp4,real,138,real,0.9323
test/real_video/28.mp4,real,161,spoof,0.8297
test/real_video/28.mp4,real,184,real,0.9951
test/real_video/28.mp4,real,207,real,0.9876
test/real_video/28.mp4,real,230,real,0.8631
test/real_video/28.mp4,real,253,real,0.9778
test/real_video/28.mp4,real,276,real,0.9836
test/real_video/28.mp4,real,299,real,0.9933
test/real_video/28.mp4,real,322,real,0.9941
test/real_video/28.mp4,real,345,real,0.9913
test/real_video/28.mp4,real,368,real,0.9962
test/real_video/28.mp4,real,391,real,0.9922
test/real_video/28.mp4,real,414,real,0.992
test/real_video/28.mp4,real,438,real,0.9955
test/real_video/29.mp4,real,0,real,0.9998
test/real_video/29.mp4,real,10,real,1.0
test/real_video/29.mp4,real,20,real,0.9999
test/real_video/29.mp4,real,30,real,1.0
test/real_video/29.mp4,real,40,real,0.9999
test/real_video/29.mp4,real,50,real,1.0
test/real_video/29.mp4,real,60,real,0.9999
test/real_video/29.mp4,real,70,real,0.9958
test/real_video/29.mp4,real,80,real,0.9996
test/real_video/29.mp4,real,90,real,1.0
test/real_video/29.mp4,real,100,real,0.9994
test/real_video/29.mp4,real,110,real,0.9998
test/real_video/29.mp4,real,120,real,0.9996
test/real_video/29.mp4,real,130,real,0.9999
test/real_video/29.mp4,real,140,real,1.0
test/real_video/29.mp4,real,150,real,0.9987
test/real_video/29.mp4,real,160,real,0.999
test/real_video/29.mp4,real,170,real,1.0
test/real_video/29.mp4,real,180,real,1.0
test/real_video/29.mp4,real,191,real,1.0
test/real_video/3.mp4,real,0,real,0.9997
test/real_video/3.mp4,real,16,real,0.997
test/real_video/3.mp4,real,32,real,0.9994
test/real_video/3.mp4,real,48,real,0.9995
test/real_video/3.mp4,real,64,real,0.9986
test/real_video/3.mp4,real,80,real,0.9936
test/real_video/3.mp4,real,96,real,0.9996
test/real_video/3.mp4,real,113,real,1.0
test/real_video/3.mp4,real,129,real,1.0
test/real_video/3.mp4,real,145,real,0.9987
test/real_video/3.mp4,real,161,real,0.9983
test/real_video/3.mp4,real,177,real,0.9999
test/real_video/3.mp4,real,193,real,0.9998
test/real_video/3.mp4,real,210,real,0.9998
test/real_video/3.mp4,real,226,real,1.0
test/real_video/3.mp4,real,242,real,0.9994
test/real_video/3.mp4,real,258,real,0.9997
test/real_video/3.mp4,real,274,real,0.9998
test/real_video/3.mp4,real,290,real,0.9988
test/real_video/3.mp4,real,307,real,0.9998
test/real_video/30.mp4,real,0,real,0.9928
test/real_video/30.mp4,real,13,real,0.9973
test/real_video/30.mp4,real,26,real,0.9992
test/real_video/30.mp4,real,39,real,0.9991
test/real_video/30.mp4,real,52,real,0.9851
test/real_video/30.mp4,real,65,real,0.9969
test/real_video/30.mp4,real,78,real,0.9985
test/real_video/30.mp4,real,92,real,0.9954
test/real_video/30.mp4,real,105,real,0.9997
test/real_video/30.mp4,real,118,real,0.9893
test/real_video/30.mp4,real,131,real,0.9998
test/real_video/30.mp4,real,144,real,0.9975
test/real_video/30.mp4,real,157,spoof,0.6676
test/real_video/30.mp4,real,171,real,0.9503
test/real_video/30.mp4,real,184,real,0.9958
test/real_video/30.mp4,real,197,real,0.9993
test/real_video/30.mp4,real,210,real,0.9966
test/real_video/30.mp4,real,223,real,0.9957
test/real_video/30.mp4,real,236,real,0.9986
test/real_video/30.mp4,real,250,real,0.9966
test/real_video/31.mp4,real,0,real,0.9939
test/real_video/31.mp4,real,12,spoof,0.8406
test/real_video/31.mp4,real,25,real,0.9566
test/real_video/31.mp4,real,38,real,0.9088
test/real_video/31.mp4,real,51,real,0.9828
test/real_video/31.mp4,real,64,real,0.9995
test/real_video/31.mp4,real,77,real,0.9978
test/real_video/31.mp4,real,90,real,0.9983
test/real_video/31.mp4,real,103,real,0.9943
test/real_video/31.mp4,real,116,real,0.9995
test/real_video/31.mp4,real,128,real,0.9943
test/real_video/31.mp4,real,141,real,0.9975
test/real_video/31.mp4,real,154,real,0.9982
test/real_video/31.mp4,real,167,real,0.9901
test/real_video/31.mp4,real,180,real,0.9385
test/real_video/31.mp4,real,193,real,0.9968
test/real_video/31.mp4,real,206,real,0.9995
test/real_video/31.mp4,real,219,real,0.9997
test/real_video/31.mp4,real,232,real,0.999
test/real_video/31.mp4,real,245,real,0.9981
test/real_video/32.mp4,real,0,spoof,0.7245
test/real_video/32.mp4,real,11,spoof,0.775
test/real_video/32.mp4,real,23,spoof,0.6495
test/real_video/32.mp4,real,35,spoof,0.1593
test/real_video/32.mp4,real,47,spoof,0.1565
test/real_video/32.mp4,real,59,spoof,0.2011
test/real_video/32.mp4,real,71,real,0.994
test/real_video/32.mp4,real,83,real,0.9744
test/real_video/32.mp4,real,95,real,0.9986
test/real_video/32.mp4,real,107,real,0.9978
test/real_video/32.mp4,real,119,spoof,0.718
test/real_video/32.mp4,real,131,spoof,0.8424
test/real_video/32.mp4,real,143,spoof,0.5603
test/real_video/32.mp4,real,155,spoof,0.5581
test/real_video/32.mp4,real,167,spoof,0.5564
test/real_video/32.mp4,real,179,real,0.8968
test/real_video/32.mp4,real,191,spoof,0.7147
test/real_video/32.mp4,real,203,spoof,0.7402
test/real_video/32.mp4,real,215,spoof,0.7698
test/real_video/32.mp4,real,227,real,0.8556
test/real_video/33.mp4,real,0,real,0.999
test/real_video/33.mp4,real,13,real,0.9996
test/real_video/33.mp4,real,26,real,0.9999
test/real_video/33.mp4,real,39,real,0.9999
test/real_video/33.mp4,real,52,real,0.9995
test/real_video/33.mp4,real,66,real,0.9989
test/real_video/33.mp4,real,79,real,0.9993
test/real_video/33.mp4,real,92,real,0.9997
test/real_video/33.mp4,real,105,real,0.9998
test/real_video/33.mp4,real,118,real,0.9982
test/real_video/33.mp4,real,132,real,0.9983
test/real_video/33.mp4,real,145,real,0.9925
test/real_video/33.mp4,real,158,real,0.9976
test/real_video/33.mp4,real,171,real,0.9994
test/real_video/33.mp4,real,184,real,0.995
test/real_video/33.mp4,real,198,real,0.9978
test/real_video/33.mp4,real,211,no_face,
test/real_video/33.mp4,real,224,real,0.9977
test/real_video/33.mp4,real,237,real,0.9961
test/real_video/33.mp4,real,251,real,0.9988
test/real_video/34.mp4,real,0,spoof,0.7142
test/real_video/34.mp4,real,18,spoof,0.7786
test/real_video/34.mp4,real,36,real,0.8971
test/real_video/34.mp4,real,54,spoof,0.6608
test/real_video/34.mp4,real,73,spoof,0.7072
test/real_video/34.mp4,real,91,real,0.9389
test/real_video/34.mp4,real,109,spoof,0.4946
test/real_video/34.mp4,real,127,real,0.9832
test/real_video/34.mp4,real,146,real,0.9088
test/real_video/34.mp4,real,164,spoof,0.8014
test/real_video/34.mp4,real,182,spoof,0.5923
test/real_video/34.mp4,real,200,spoof,0.6531
test/real_video/34.mp4,real,219,real,0.9181
test/real_video/34.mp4,real,237,spoof,0.5022
test/real_video/34.mp4,real,255,spoof,0.5727
test/real_video/34.mp4,real,273,spoof,0.8476
test/real_video/34.mp4,real,292,spoof,0.7098
test/real_video/34.mp4,real,310,real,0.9716
test/real_video/34.mp4,real,328,spoof,0.733
test/real_video/34.mp4,real,347,spoof,0.7851
test/real_video/35.mp4,real,0,real,0.9998
test/real_video/35.mp4,real,24,real,0.9998
test/real_video/35.mp4,real,48,real,0.9998
test/real_video/35.mp4,real,73,real,0.977
test/real_video/35.mp4,real,97,real,0.9998
test/real_video/35.mp4,real,122,real,0.9999
test/real_video/35.mp4,real,146,real,0.9991
test/real_video/35.mp4,real,171,real,0.9985
test/real_video/35.mp4,real,195,real,0.9882
test/real_video/35.mp4,real,220,real,0.9962
test/real_video/35.mp4,real,244,real,0.9981
test/real_video/35.mp4,real,269,real,1.0
test/real_video/35.mp4,real,293,real,0.9999
test/real_video/35.mp4,real,318,real,0.9999
test/real_video/35.mp4,real,342,real,0.9999
test/real_video/35.mp4,real,367,real,0.9997
test/real_video/35.mp4,real,391,real,0.9991
test/real_video/35.mp4,real,416,real,0.9996
test/real_video/35.mp4,real,440,real,0.9999
test/real_video/35.mp4,real,465,real,0.9998
test/real_video/36.mp4,real,0,spoof,0.6157
test/real_video/36.mp4,real,12,spoof,0.5167
test/real_video/36.mp4,real,25,spoof,0.4739
test/real_video/36.mp4,real,38,real,0.8639
test/real_video/36.mp4,real,50,spoof,0.7155
test/real_video/36.mp4,real,63,spoof,0.3547
test/real_video/36.mp4,real,76,spoof,0.4941
test/real_video/36.mp4,real,88,spoof,0.1337
test/real_video/36.mp4,real,101,spoof,0.3369
test/real_video/36.mp4,real,114,spoof,0.5597
test/real_video/36.mp4,real,126,spoof,0.7412
test/real_video/36.mp4,real,139,spoof,0.2876
test/real_video/36.mp4,real,152,spoof,0.4179
test/real_video/36.mp4,real,164,spoof,0.7411
test/real_video/36.mp4,real,177,spoof,0.5435
test/real_video/36.mp4,real,190,spoof,0.6461
test/real_video/36.mp4,real,202,real,0.958
test/real_video/36.mp4,real,215,spoof,0.3943
test/real_video/36.mp4,real,228,spoof,0.294
test/real_video/36.mp4,real,241,spoof,0.3329
test/real_video/37.mp4,real,0,real,0.8989
test/real_video/37.mp4,real,18,real,0.9201
test/real_video/37.mp4,real,36,real,0.9999
test/real_video/37.mp4,real,55,real,0.9999
test/real_video/37.mp4,real,73,real,0.9999
test/real_video/37.mp4,real,91,spoof,0.8414
test/real_video/37.mp4,real,110,spoof,0.8251
test/real_video/37.mp4,real,128,spoof,0.6506
test/real_video/37.mp4,real,146,real,0.9956
test/real_video/37.mp4,real,165,real,0.9762
test/real_video/37.mp4,real,183,real,0.9947
test/real_video/37.mp4,real,202,real,0.9958
test/real_video/37.mp4,real,220,real,0.9624
test/real_video/37.mp4,real,238,real,0.9902
test/real_video/37.mp4,real,257,real,0.9955
test/real_video/37.mp4,real,275,real,0.9944
test/real_video/37.mp4,real,293,real,0.9904
test/real_video/37.mp4,real,312,real,0.9837
test/real_video/37.mp4,real,330,real,0.9604
test/real_video/37.mp4,real,349,real,0.974
test/real_video/38.mp4,real,0,real,0.9915
test/real_video/38.mp4,real,11,real,0.9953
test/real_video/38.mp4,real,22,real,0.9905
test/real_video/38.mp4,real,33,real,0.9971
test/real_video/38.mp4,real,44,real,0.9968
test/real_video/38.mp4,real,56,real,0.9989
test/real_video/38.mp4,real,67,real,0.9988
test/real_video/38.mp4,real,78,real,0.9726
test/real_video/38.mp4,real,89,real,0.9985
test/real_video/38.mp4,real,100,real,0.9931
test/real_video/38.mp4,real,112,real,0.9994
test/real_video/38.mp4,real,123,real,0.9982
test/real_video/38.mp4,real,134,real,0.9983
test/real_video/38.mp4,real,145,real,0.9994
test/real_video/38.mp4,real,156,real,0.9982
test/real_video/38.mp4,real,168,real,0.9985
test/real_video/38.mp4,real,179,real,0.9966
test/real_video/38.mp4,real,190,real,0.9988
test/real_video/38.mp4,real,201,real,0.9996
test/real_video/38.mp4,real,213,real,0.9974
test/real_video/39.mp4,real,0,real,0.9035
test/real_video/39.mp4,real,13,spoof,0.8051
test/real_video/39.mp4,real,26,real,0.903
test/real_video/39.mp4,real,39,spoof,0.7757
test/real_video/39.mp4,real,52,real,0.8653
test/real_video/39.mp4,real,65,spoof,0.7394
test/real_video/39.mp4,real,78,real,0.9862
test/real_video/39.mp4,real,92,real,0.9904
test/real_video/39.mp4,real,105,real,0.8756
test/real_video/39.mp4,real,118,real,0.9217
test/real_video/39.mp4,real,131,real,0.9914
test/real_video/39.mp4,real,144,real,0.9966
test/real_video/39.mp4,real,157,real,0.9668
test/real_video/39.mp4,real,171,real,0.9671
test/real_video/39.mp4,real,184,real,0.9887
test/real_video/39.mp4,real,197,real,0.9951
test/real_video/39.mp4,real,210,real,0.9856
test/real_video/39.mp4,real,223,real,0.9924
test/real_video/39.mp4,real,236,real,0.994
test/real_video/39.mp4,real,250,real,0.986
test/real_video/4.mp4,real,0,spoof,0.7861
test/real_video/4.mp4,real,12,real,0.8982
test/real_video/4.mp4,real,24,real,0.9321
test/real_video/4.mp4,real,36,real,0.8749
test/real_video/4.mp4,real,48,real,0.9921
test/real_video/4.mp4,real,61,real,0.9091
test/real_video/4.mp4,real,73,spoof,0.7153
test/real_video/4.mp4,real,85,real,0.9299
test/real_video/4.mp4,real,97,real,0.9528
test/real_video/4.mp4,real,109,spoof,0.7382
test/real_video/4.mp4,real,122,spoof,0.7913
test/real_video/4.mp4,real,134,real,0.9883
test/real_video/4.mp4,real,146,real,0.9717
test/real_video/4.mp4,real,158,real,0.9834
test/real_video/4.mp4,real,170,spoof,0.7793
test/real_video/4.mp4,real,183,real,0.9086
test/real_video/4.mp4,real,195,spoof,0.8408
test/real_video/4.mp4,real,207,spoof,0.7419
test/real_video/4.mp4,real,219,real,0.9807
test/real_video/4.mp4,real,232,spoof,0.837
test/real_video/40.mp4,real,0,real,0.9999
test/real_video/40.mp4,real,9,real,0.9996
test/real_video/40.mp4,real,19,real,0.9997
test/real_video/40.mp4,real,29,real,0.9993
test/real_video/40.mp4,real,39,real,1.0
test/real_video/40.mp4,real,49,real,0.9998
test/real_video/40.mp4,real,59,real,0.9998
test/real_video/40.mp4,real,69,real,0.9999
test/real_video/40.mp4,real,79,real,0.9993
test/real_video/40.mp4,real,89,real,0.9999
test/real_video/40.mp4,real,99,real,0.9999
test/real_video/40.mp4,real,109,real,1.0
test/real_video/40.mp4,real,119,real,0.9991
test/real_video/40.mp4,real,129,real,0.9999
test/real_video/40.mp4,real,139,real,1.0
test/real_video/40.mp4,real,149,real,0.9999
test/real_video/40.mp4,real,159,real,1.0
test/real_video/40.mp4,real,169,real,0.9996
test/real_video/40.mp4,real,179,real,0.9999
test/real_video/40.mp4,real,189,real,0.9998
test/real_video/41.mp4,real,0,real,0.9995
test/real_video/41.mp4,real,11,real,0.9993
test/real_video/41.mp4,real,23,real,0.9985
test/real_video/41.mp4,real,35,real,0.9961
test/real_video/41.mp4,real,47,real,0.9875
test/real_video/41.mp4,real,59,real,0.9975
test/real_video/41.mp4,real,71,real,0.9988
test/real_video/41.mp4,real,83,real,0.9951
test/real_video/41.mp4,real,95,real,0.9979
test/real_video/41.mp4,real,107,real,0.9957
test/real_video/41.mp4,real,119,real,0.9654
test/real_video/41.mp4,real,131,real,0.9903
test/real_video/41.mp4,real,143,real,0.9994
test/real_video/41.mp4,real,155,real,0.9995
test/real_video/41.mp4,real,167,real,0.9988
test/real_video/41.mp4,real,179,real,0.999
test/real_video/41.mp4,real,191,real,0.9995
test/real_video/41.mp4,real,203,real,0.9997
test/real_video/41.mp4,real,215,real,0.9993
test/real_video/41.mp4,real,227,real,0.999
test/real_video/42.mp4,real,0,real,1.0
test/real_video/42.mp4,real,13,real,1.0
test/real_video/42.mp4,real,27,real,0.9996
test/real_video/42.mp4,real,40,real,0.9995
test/real_video/42.mp4,real,54,real,0.9994
test/real_video/42.mp4,real,67,real,1.0
test/real_video/42.mp4,real,81,real,0.9998
test/real_video/42.mp4,real,95,real,0.9999
test/real_video/42.mp4,real,108,real,0.9999
test/real_video/42.mp4,real,122,real,1.0
test/real_video/42.mp4,real,135,real,1.0
test/real_video/42.mp4,real,149,real,0.9996
test/real_video/42.mp4,real,162,real,1.0
test/real_video/42.mp4,real,176,real,1.0
test/real_video/42.mp4,real,190,real,1.0
test/real_video/42.mp4,real,203,real,1.0
test/real_video/42.mp4,real,217,real,1.0
test/real_video/42.mp4,real,230,real,1.0
test/real_video/42.mp4,real,244,real,1.0
test/real_video/42.mp4,real,258,real,1.0
test/real_video/43.mp4,real,0,spoof,0.5377
test/real_video/43.mp4,real,8,spoof,0.7594
test/real_video/43.mp4,real,17,spoof,0.8165
test/real_video/43.mp4,real,26,real,0.9125
test/real_video/43.mp4,real,34,real,0.965
test/real_video/43.mp4,real,43,real,0.9797
test/real_video/43.mp4,real,52,spoof,0.5783
test/real_video/43.mp4,real,61,spoof,0.6886
test/real_video/43.mp4,real,69,spoof,0.6003
test/real_video/43.mp4,real,78,spoof,0.7113
test/real_video/43.mp4,real,87,spoof,0.821
test/real_video/43.mp4,real,96,spoof,0.3864
test/real_video/43.mp4,real,104,spoof,0.6639
test/real_video/43.mp4,real,113,spoof,0.7265
test/real_video/43.mp4,real,122,spoof,0.8044
test/real_video/43.mp4,real,131,real,0.9608
test/real_video/43.mp4,real,139,spoof,0.7154
test/real_video/43.mp4,real,148,spoof,0.7662
test/real_video/43.mp4,real,157,real,0.8889
test/real_video/43.mp4,real,166,real,0.9585
test/real_video/44.mp4,real,0,real,0.9022
test/real_video/44.mp4,real,13,real,0.9414
test/real_video/44.mp4,real,26,real,0.9927
test/real_video/44.mp4,real,40,real,0.9759
test/real_video/44.mp4,real,53,real,0.9952
test/real_video/44.mp4,real,67,real,0.9847
test/real_video/44.mp4,real,80,real,0.9733
test/real_video/44.mp4,real,93,real,0.9814
test/real_video/44.mp4,real,107,real,0.9846
test/real_video/44.mp4,real,120,real,0.9755
test/real_video/44.mp4,real,134,real,0.9948
test/real_video/44.mp4,real,147,real,0.999
test/real_video/44.mp4,real,161,real,0.9965
test/real_video/44.mp4,real,174,real,0.9974
test/real_video/44.mp4,real,187,real,0.9941
test/real_video/44.mp4,real,201,real,0.9513
test/real_video/44.mp4,real,214,real,0.998
test/real_video/44.mp4,real,228,real,0.9995
test/real_video/44.mp4,real,241,real,0.999
test/real_video/44.mp4,real,255,real,0.8536
test/real_video/45.mp4,real,0,real,0.997
test/real_video/45.mp4,real,10,real,0.995
test/real_video/45.mp4,real,20,real,0.9701
test/real_video/45.mp4,real,30,real,0.9644
test/real_video/45.mp4,real,40,real,0.991
test/real_video/45.mp4,real,50,real,0.9904
test/real_video/45.mp4,real,60,real,0.9864
test/real_video/45.mp4,real,70,real,0.9919
test/real_video/45.mp4,real,80,real,0.9788
test/real_video/45.mp4,real,90,real,0.9823
test/real_video/45.mp4,real,100,real,0.9938
test/real_video/45.mp4,real,110,real,0.988
test/real_video/45.mp4,real,120,real,0.9985
test/real_video/45.mp4,real,130,real,0.9978
test/real_video/45.mp4,real,140,real,0.9883
test/real_video/45.mp4,real,150,real,0.9997
test/real_video/45.mp4,real,160,real,0.9941
test/real_video/45.mp4,real,170,real,0.9952
test/real_video/45.mp4,real,180,real,0.8607
test/real_video/45.mp4,real,191,spoof,0.7951
test/real_video/46.mp4,real,0,real,0.9979
test/real_video/46.mp4,real,22,real,0.998
test/real_video/46.mp4,real,45,real,0.9942
test/real_video/46.mp4,real,68,real,0.9991
test/real_video/46.mp4,real,91,real,0.992
test/real_video/46.mp4,real,114,real,0.9952
test/real_video/46.mp4,real,137,real,0.987
test/real_video/46.mp4,real,160,real,0.9996
test/real_video/46.mp4,real,183,real,0.9985
test/real_video/46.mp4,real,206,real,0.8999
test/real_video/46.mp4,real,228,real,0.8859
test/real_video/46.mp4,real,251,real,0.9125
test/real_video/46.mp4,real,274,real,0.8606
test/real_video/46.mp4,real,297,real,0.9951
test/real_video/46.mp4,real,320,real,0.9991
test/real_video/46.mp4,real,343,real,0.9993
test/real_video/46.mp4,real,366,real,0.9908
test/real_video/46.mp4,real,389,real,0.9983
test/real_video/46.mp4,real,412,real,0.9989
test/real_video/47.mp4,real,0,real,0.9873
test/real_video/47.mp4,real,23,real,0.9392
test/real_video/47.mp4,real,46,real,0.9604
test/real_video/47.mp4,real,69,real,0.9908
test/real_video/47.mp4,real,92,real,0.9989
test/real_video/47.mp4,real,115,real,0.999
test/real_video/47.mp4,real,138,real,0.9984
test/real_video/47.mp4,real,161,real,0.9918
test/real_video/47.mp4,real,184,real,0.999
test/real_video/47.mp4,real,207,real,0.9993
test/real_video/47.mp4,real,231,real,0.9999
test/real_video/47.mp4,real,254,real,0.9939
test/real_video/47.mp4,real,277,real,0.9994
test/real_video/47.mp4,real,300,real,0.9996
test/real_video/47.mp4,real,323,real,0.9999
test/real_video/47.mp4,real,346,real,0.9971
test/real_video/47.mp4,real,369,real,0.9972
test/real_video/47.mp4,real,392,real,0.9984
test/real_video/47.mp4,real,415,real,0.9986
test/real_video/47.mp4,real,439,real,0.9912
test/real_video/48.mp4,real,0,real,0.9997
test/real_video/48.mp4,real,12,real,0.9999
test/real_video/48.mp4,real,24,real,0.9999
test/real_video/48.mp4,real,37,real,1.0
test/real_video/48.mp4,real,49,real,1.0
test/real_video/48.mp4,real,61,real,0.9999
test/real_video/48.mp4,real,74,real,0.9997
test/real_video/48.mp4,real,86,real,1.0
test/real_video/48.mp4,real,98,real,0.9995
test/real_video/48.mp4,real,111,real,1.0
test/real_video/48.mp4,real,123,real,1.0
test/real_video/48.mp4,real,136,real,0.9999
test/real_video/48.mp4,real,148,real,0.9992
test/real_video/48.mp4,real,160,real,1.0
test/real_video/48.mp4,real,173,real,0.9981
test/real_video/48.mp4,real,185,real,0.9999
test/real_video/48.mp4,real,197,real,1.0
test/real_video/48.mp4,real,210,real,0.9999
test/real_video/48.mp4,real,222,real,0.9999
test/real_video/48.mp4,real,235,real,0.9999
test/real_video/49.mp4,real,0,real,0.9995
test/real_video/49.mp4,real,30,real,0.999
test/real_video/49.mp4,real,60,real,0.9989
test/real_video/49.mp4,real,90,real,0.9997
test/real_video/49.mp4,real,121,real,0.996
test/real_video/49.mp4,real,151,real,0.9783
test/real_video/49.mp4,real,181,real,0.9464
test/real_video/49.mp4,real,211,real,0.9998
test/real_video/49.mp4,real,242,real,0.998
test/real_video/49.mp4,real,272,real,0.998
test/real_video/49.mp4,real,302,real,0.9989
test/real_video/49.mp4,real,332,real,0.9975
test/real_video/49.mp4,real,363,real,0.9865
test/real_video/49.mp4,real,393,real,0.9985
test/real_video/49.mp4,real,423,real,0.9978
test/real_video/49.mp4,real,453,real,0.9969
test/real_video/49.mp4,real,484,real,0.9987
test/real_video/49.mp4,real,514,real,0.9959
test/real_video/49.mp4,real,544,real,0.9957
test/real_video/49.mp4,real,575,real,0.9971
test/real_video/5.mp4,real,0,real,1.0
test/real_video/5.mp4,real,14,real,0.9979
test/real_video/5.mp4,real,28,real,0.9865
test/real_video/5.mp4,real,43,real,0.9995
test/real_video/5.mp4,real,57,real,0.9998
test/real_video/5.mp4,real,71,real,0.9998
test/real_video/5.mp4,real,86,real,0.9966
test/real_video/5.mp4,real,100,real,0.9995
test/real_video/5.mp4,real,114,real,0.9998
test/real_video/5.mp4,real,129,real,0.9978
test/real_video/5.mp4,real,143,real,0.999
test/real_video/5.mp4,real,158,no_face,
test/real_video/5.mp4,real,172,real,0.9993
test/real_video/5.mp4,real,186,real,0.996
test/real_video/5.mp4,real,201,real,0.9993
test/real_video/5.mp4,real,215,real,0.9707
test/real_video/5.mp4,real,229,real,0.9445
test/real_video/5.mp4,real,244,real,0.9923
test/real_video/5.mp4,real,258,real,0.9965
test/real_video/5.mp4,real,273,real,0.9979
test/real_video/50.mp4,real,0,spoof,0.7247
test/real_video/50.mp4,real,14,real,0.9948
test/real_video/50.mp4,real,29,real,0.8738
test/real_video/50.mp4,real,44,real,0.8822
test/real_video/50.mp4,real,59,real,0.8813
test/real_video/50.mp4,real,74,spoof,0.7571
test/real_video/50.mp4,real,89,spoof,0.6776
test/real_video/50.mp4,real,104,spoof,0.5694
test/real_video/50.mp4,real,119,real,0.9961
test/real_video/50.mp4,real,134,real,0.998
test/real_video/50.mp4,real,149,real,0.9992
test/real_video/50.mp4,real,164,real,0.9883
test/real_video/50.mp4,real,179,real,0.9767
test/real_video/50.mp4,real,194,real,0.9752
test/real_video/50.mp4,real,209,real,0.9723
test/real_video/50.mp4,real,224,real,0.9964
test/real_video/50.mp4,real,239,real,0.9991
test/real_video/50.mp4,real,254,spoof,0.5173
test/real_video/50.mp4,real,269,real,0.8829
test/real_video/50.mp4,real,284,spoof,0.8282
test/real_video/51.mp4,real,0,real,0.9264
test/real_video/51.mp4,real,11,real,0.9916
test/real_video/51.mp4,real,23,real,0.9668
test/real_video/51.mp4,real,35,real,0.9985
test/real_video/51.mp4,real,47,real,0.9998
test/real_video/51.mp4,real,59,real,0.999
test/real_video/51.mp4,real,71,real,0.9529
test/real_video/51.mp4,real,82,spoof,0.7752
test/real_video/51.mp4,real,94,spoof,0.66
test/real_video/51.mp4,real,106,spoof,0.6062
test/real_video/51.mp4,real,118,spoof,0.7836
test/real_video/51.mp4,real,130,spoof,0.593
test/real_video/51.mp4,real,142,real,0.9631
test/real_video/51.mp4,real,153,real,0.9219
test/real_video/51.mp4,real,165,real,0.9172
test/real_video/51.mp4,real,177,real,0.9367
test/real_video/51.mp4,real,189,real,0.9506
test/real_video/51.mp4,real,201,spoof,0.6147
test/real_video/51.mp4,real,213,spoof,0.612
test/real_video/51.mp4,real,225,spoof,0.7352
test/real_video/52.mp4,real,0,real,0.9999
test/real_video/52.mp4,real,24,real,0.9999
test/real_video/52.mp4,real,48,real,0.9998
test/real_video/52.mp4,real,72,real,0.9996
test/real_video/52.mp4,real,96,real,0.9998
test/real_video/52.mp4,real,120,real,0.9999
test/real_video/52.mp4,real,144,real,0.9999
test/real_video/52.mp4,real,169,real,1.0
test/real_video/52.mp4,real,193,real,1.0
test/real_video/52.mp4,real,217,real,1.0
test/real_video/52.mp4,real,241,real,1.0
test/real_video/52.mp4,real,265,real,1.0
test/real_video/52.mp4,real,289,real,0.9999
test/real_video/52.mp4,real,314,real,1.0
test/real_video/52.mp4,real,338,real,0.9999
test/real_video/52.mp4,real,362,real,1.0
test/real_video/52.mp4,real,386,real,0.9985
test/real_video/52.mp4,real,410,real,1.0
test/real_video/52.mp4,real,434,real,1.0
test/real_video/52.mp4,real,459,real,1.0
test/real_video/53.mp4,real,0,real,0.9929
test/real_video/53.mp4,real,15,real,0.9897
test/real_video/53.mp4,real,30,real,0.9934
test/real_video/53.mp4,real,45,real,0.9926
test/real_video/53.mp4,real,61,real,0.9929
test/real_video/53.mp4,real,76,real,0.9991
test/real_video/53.mp4,real,91,real,0.9893
test/real_video/53.mp4,real,106,real,0.989
test/real_video/53.mp4,real,122,spoof,0.478
test/real_video/53.mp4,real,137,spoof,0.629
test/real_video/53.mp4,real,152,real,0.9902
test/real_video/53.mp4,real,167,real,0.9615
test/real_video/53.mp4,real,183,real,0.9981
test/real_video/53.mp4,real,198,real,0.9986
test/real_video/53.mp4,real,213,real,0.9735
test/real_video/53.mp4,real,228,real,0.9703
test/real_video/53.mp4,real,244,real,0.988
test/real_video/53.mp4,real,259,real,0.9918
test/real_video/53.mp4,real,274,real,0.9893
test/real_video/53.mp4,real,290,real,0.9906
test/real_video/54.mp4,real,0,real,0.996
test/real_video/54.mp4,real,11,real,0.9999
test/real_video/54.mp4,real,23,real,0.9991
test/real_video/54.mp4,real,34,real,0.9637
test/real_video/54.mp4,real,46,real,0.9579
test/real_video/54.mp4,real,57,real,0.9844
test/real_video/54.mp4,real,69,real,0.9979
test/real_video/54.mp4,real,80,real,0.9947
test/real_video/54.mp4,real,92,real,0.9985
test/real_video/54.mp4,real,103,real,0.9992
test/real_video/54.mp4,real,115,real,0.9783
test/real_video/54.mp4,real,126,real,0.9984
test/real_video/54.mp4,real,138,real,0.9996
test/real_video/54.mp4,real,149,real,0.9997
test/real_video/54.mp4,real,161,real,0.9999
test/real_video/54.mp4,real,172,real,0.997
test/real_video/54.mp4,real,184,real,0.9956
test/real_video/54.mp4,real,195,real,0.9997
test/real_video/54.mp4,real,207,real,0.9998
test/real_video/54.mp4,real,219,real,0.9972
test/real_video/6.mp4,real,0,real,0.987
test/real_video/6.mp4,real,10,real,0.9878
test/real_video/6.mp4,real,20,real,0.9903
test/real_video/6.mp4,real,30,real,0.9866
test/real_video/6.mp4,real,40,real,0.9996
test/real_video/6.mp4,real,50,real,0.9987
test/real_video/6.mp4,real,60,real,0.97
test/real_video/6.mp4,real,70,real,0.8854
test/real_video/6.mp4,real,80,no_face,
test/real_video/6.mp4,real,90,real,0.9977
test/real_video/6.mp4,real,100,real,0.9992
test/real_video/6.mp4,real,110,real,0.998
test/real_video/6.mp4,real,120,real,0.9943
test/real_video/6.mp4,real,130,real,0.993
test/real_video/6.mp4,real,140,real,0.9912
test/real_video/6.mp4,real,150,real,0.9952
test/real_video/6.mp4,real,160,real,0.9834
test/real_video/6.mp4,real,170,real,0.9752
test/real_video/6.mp4,real,180,real,0.9942
test/real_video/6.mp4,real,191,real,0.9933
test/real_video/7.mp4,real,0,real,0.9998
test/real_video/7.mp4,real,13,real,0.9996
test/real_video/7.mp4,real,27,real,1.0
test/real_video/7.mp4,real,41,real,0.9993
test/real_video/7.mp4,real,55,real,0.9999
test/real_video/7.mp4,real,69,real,1.0
test/real_video/7.mp4,real,83,real,0.9999
test/real_video/7.mp4,real,97,real,0.9998
test/real_video/7.mp4,real,111,real,0.9998
test/real_video/7.mp4,real,125,real,0.9969
test/real_video/7.mp4,real,139,real,0.9997
test/real_video/7.mp4,real,153,real,0.9999
test/real_video/7.mp4,real,167,real,1.0
test/real_video/7.mp4,real,181,real,0.9999
test/real_video/7.mp4,real,195,real,0.9849
test/real_video/7.mp4,real,209,real,0.9937
test/real_video/7.mp4,real,223,real,0.9993
test/real_video/7.mp4,real,237,real,0.9988
test/real_video/7.mp4,real,251,real,1.0
test/real_video/8.mp4,real,0,real,0.9955
test/real_video/8.mp4,real,14,real,0.993
test/real_video/8.mp4,real,29,real,0.9936
test/real_video/8.mp4,real,43,real,0.9917
test/real_video/8.mp4,real,58,real,0.9843
test/real_video/8.mp4,real,72,real,0.9903
test/real_video/8.mp4,real,87,real,0.9997
test/real_video/8.mp4,real,101,real,0.9928
test/real_video/8.mp4,real,116,real,0.9999
test/real_video/8.mp4,real,130,real,0.975
test/real_video/8.mp4,real,145,real,0.986
test/real_video/8.mp4,real,159,spoof,0.6443
test/real_video/8.mp4,real,174,real,0.8507
test/real_video/8.mp4,real,188,real,0.9927
test/real_video/8.mp4,real,203,real,0.9725
test/real_video/8.mp4,real,217,real,0.9847
test/real_video/8.mp4,real,232,real,0.9955
test/real_video/8.mp4,real,246,real,0.9976
test/real_video/8.mp4,real,261,real,0.9892
test/real_video/8.mp4,real,276,real,0.9861
test/real_video/9.mp4,real,0,real,1.0
test/real_video/9.mp4,real,14,real,0.9997
test/real_video/9.mp4,real,29,real,0.9993
test/real_video/9.mp4,real,43,real,0.9998
test/real_video/9.mp4,real,58,real,0.9993
test/real_video/9.mp4,real,73,real,1.0
test/real_video/9.mp4,real,87,real,0.9998
test/real_video/9.mp4,real,102,real,0.9996
test/real_video/9.mp4,real,117,real,0.9998
test/real_video/9.mp4,real,131,real,0.9997
test/real_video/9.mp4,real,146,real,0.9998
test/real_video/9.mp4,real,160,real,0.9999
test/real_video/9.mp4,real,175,real,0.9997
test/real_video/9.mp4,real,190,real,1.0
test/real_video/9.mp4,real,204,real,0.9998
test/real_video/9.mp4,real,219,real,0.9997
test/real_video/9.mp4,real,234,real,0.9993
test/real_video/9.mp4,real,248,real,1.0
test/real_video/9.mp4,real,263,real,1.0
test/real_video/9.mp4,real,278,real,0.9999
test/attack/0.mp4,attack,0,spoof,0.0247
test/attack/0.mp4,attack,27,spoof,0.0
test/attack/0.mp4,attack,54,spoof,0.0
test/attack/0.mp4,attack,81,spoof,0.0
test/attack/0.mp4,attack,108,spoof,0.0
test/attack/0.mp4,attack,135,spoof,0.0003
test/attack/0.mp4,attack,162,spoof,0.0057
test/attack/0.mp4,attack,190,spoof,0.022
test/attack/0.mp4,attack,217,spoof,0.2235
test/attack/0.mp4,attack,244,spoof,0.0932
test/attack/0.mp4,attack,271,spoof,0.0206
test/attack/0.mp4,attack,298,spoof,0.0768
test/attack/0.mp4,attack,325,spoof,0.0216
test/attack/0.mp4,attack,353,spoof,0.0008
test/attack/0.mp4,attack,380,spoof,0.0031
test/attack/0.mp4,attack,407,spoof,0.003
test/attack/0.mp4,attack,434,spoof,0.0008
test/attack/0.mp4,attack,461,spoof,0.0007
test/attack/0.mp4,attack,488,spoof,0.002
test/attack/0.mp4,attack,516,spoof,0.0102
test/attack/1.mp4,attack,0,spoof,0.0
test/attack/1.mp4,attack,17,spoof,0.0001
test/attack/1.mp4,attack,34,spoof,0.0
test/attack/1.mp4,attack,51,spoof,0.0014
test/attack/1.mp4,attack,68,spoof,0.0104
test/attack/1.mp4,attack,86,spoof,0.4372
test/attack/1.mp4,attack,103,spoof,0.6075
test/attack/1.mp4,attack,120,spoof,0.4663
test/attack/1.mp4,attack,137,spoof,0.6148
test/attack/1.mp4,attack,154,spoof,0.443
test/attack/1.mp4,attack,172,real,0.9918
test/attack/1.mp4,attack,189,real,0.9943
test/attack/1.mp4,attack,206,spoof,0.5386
test/attack/1.mp4,attack,223,no_face,
test/attack/1.mp4,attack,240,spoof,0.4993
test/attack/1.mp4,attack,258,spoof,0.748
test/attack/1.mp4,attack,275,real,0.9578
test/attack/1.mp4,attack,292,real,0.9145
test/attack/1.mp4,attack,309,spoof,0.8046
test/attack/1.mp4,attack,327,real,0.9155
test/attack/10.mp4,attack,0,spoof,0.0
test/attack/10.mp4,attack,24,spoof,0.0
test/attack/10.mp4,attack,48,spoof,0.0
test/attack/10.mp4,attack,72,spoof,0.0
test/attack/10.mp4,attack,96,spoof,0.0
test/attack/10.mp4,attack,120,spoof,0.0
test/attack/10.mp4,attack,144,spoof,0.0004
test/attack/10.mp4,attack,168,spoof,0.0001
test/attack/10.mp4,attack,192,spoof,0.0004
test/attack/10.mp4,attack,216,spoof,0.0164
test/attack/10.mp4,attack,240,spoof,0.0068
test/attack/10.mp4,attack,264,spoof,0.0361
test/attack/10.mp4,attack,288,spoof,0.0003
test/attack/10.mp4,attack,312,spoof,0.0062
test/attack/10.mp4,attack,336,spoof,0.0364
test/attack/10.mp4,attack,360,spoof,0.0054
test/attack/10.mp4,attack,384,spoof,0.214
test/attack/10.mp4,attack,408,spoof,0.0736
test/attack/10.mp4,attack,432,spoof,0.0006
test/attack/10.mp4,attack,457,spoof,0.2
test/attack/11.mp4,attack,0,spoof,0.1274
test/attack/11.mp4,attack,37,spoof,0.4431
test/attack/11.mp4,attack,75,spoof,0.484
test/attack/11.mp4,attack,112,spoof,0.1728
test/attack/11.mp4,attack,150,spoof,0.1369
test/attack/11.mp4,attack,187,spoof,0.6359
test/attack/11.mp4,attack,225,real,0.8607
test/attack/11.mp4,attack,262,real,0.991
test/attack/11.mp4,attack,300,real,0.9333
test/attack/11.mp4,attack,337,spoof,0.3449
test/attack/11.mp4,attack,375,spoof,0.655
test/attack/11.mp4,attack,412,real,0.9851
test/attack/11.mp4,attack,450,real,0.9743
test/attack/11.mp4,attack,487,real,0.9838
test/attack/11.mp4,attack,525,spoof,0.3361
test/attack/11.mp4,attack,562,spoof,0.8293
test/attack/11.mp4,attack,600,real,0.9848
test/attack/11.mp4,attack,637,real,0.9633
test/attack/11.mp4,attack,675,spoof,0.2795
test/attack/11.mp4,attack,713,spoof,0.031
test/attack/12.mp4,attack,0,spoof,0.0
test/attack/12.mp4,attack,28,spoof,0.0
test/attack/12.mp4,attack,56,spoof,0.0
test/attack/12.mp4,attack,84,spoof,0.0
test/attack/12.mp4,attack,113,spoof,0.0
test/attack/12.mp4,attack,141,spoof,0.0
test/attack/12.mp4,attack,169,spoof,0.0
test/attack/12.mp4,attack,197,spoof,0.0
test/attack/12.mp4,attack,226,spoof,0.0
test/attack/12.mp4,attack,254,spoof,0.0002
test/attack/12.mp4,attack,282,spoof,0.0
test/attack/12.mp4,attack,310,spoof,0.0
test/attack/12.mp4,attack,339,spoof,0.0
test/attack/12.mp4,attack,367,spoof,0.0003
test/attack/12.mp4,attack,395,spoof,0.0003
test/attack/12.mp4,attack,423,spoof,0.0003
test/attack/12.mp4,attack,452,spoof,0.0197
test/attack/12.mp4,attack,480,spoof,0.0
test/attack/12.mp4,attack,508,no_face,
test/attack/12.mp4,attack,537,spoof,0.0089
test/attack/13.mp4,attack,0,spoof,0.0
test/attack/13.mp4,attack,21,spoof,0.0122
test/attack/13.mp4,attack,43,spoof,0.0118
test/attack/13.mp4,attack,65,spoof,0.2338
test/attack/13.mp4,attack,86,spoof,0.1355
test/attack/13.mp4,attack,108,spoof,0.02
test/attack/13.mp4,attack,130,spoof,0.0708
test/attack/13.mp4,attack,152,spoof,0.0069
test/attack/13.mp4,attack,173,spoof,0.0736
test/attack/13.mp4,attack,195,spoof,0.0475
test/attack/13.mp4,attack,217,spoof,0.0418
test/attack/13.mp4,attack,239,spoof,0.0079
test/attack/13.mp4,attack,260,spoof,0.1901
test/attack/13.mp4,attack,282,spoof,0.2937
test/attack/13.mp4,attack,304,spoof,0.022
test/attack/13.mp4,attack,326,spoof,0.0032
test/attack/13.mp4,attack,347,spoof,0.0047
test/attack/13.mp4,attack,369,spoof,0.0202
test/attack/13.mp4,attack,391,spoof,0.0184
test/attack/13.mp4,attack,413,spoof,0.0003
test/attack/14.mp4,attack,0,spoof,0.0108
test/attack/14.mp4,attack,21,spoof,0.0001
test/attack/14.mp4,attack,42,spoof,0.0004
test/attack/14.mp4,attack,63,spoof,0.0
test/attack/14.mp4,attack,85,spoof,0.0002
test/attack/14.mp4,attack,106,spoof,0.0065
test/attack/14.mp4,attack,127,spoof,0.0037
test/attack/14.mp4,attack,149,spoof,0.0691
test/attack/14.mp4,attack,170,spoof,0.0093
test/attack/14.mp4,attack,191,spoof,0.0535
test/attack/14.mp4,attack,213,spoof,0.0019
test/attack/14.mp4,attack,234,spoof,0.1008
test/attack/14.mp4,attack,255,spoof,0.0002
test/attack/14.mp4,attack,277,spoof,0.0015
test/attack/14.mp4,attack,298,spoof,0.0035
test/attack/14.mp4,attack,319,spoof,0.0002
test/attack/14.mp4,attack,341,spoof,0.0008
test/attack/14.mp4,attack,362,spoof,0.0034
test/attack/14.mp4,attack,383,spoof,0.0002
test/attack/14.mp4,attack,405,spoof,0.0117
test/attack/15.mp4,attack,0,spoof,0.0008
test/attack/15.mp4,attack,22,spoof,0.0002
test/attack/15.mp4,attack,44,spoof,0.0006
test/attack/15.mp4,attack,66,spoof,0.0912
test/attack/15.mp4,attack,88,spoof,0.3001
test/attack/15.mp4,attack,110,spoof,0.2451
test/attack/15.mp4,attack,132,spoof,0.1998
test/attack/15.mp4,attack,154,spoof,0.3811
test/attack/15.mp4,attack,176,spoof,0.0375
test/attack/15.mp4,attack,198,spoof,0.0656
test/attack/15.mp4,attack,221,spoof,0.0107
test/attack/15.mp4,attack,243,spoof,0.007
test/attack/15.mp4,attack,265,spoof,0.0286
test/attack/15.mp4,attack,287,spoof,0.0124
test/attack/15.mp4,attack,309,spoof,0.001
test/attack/15.mp4,attack,331,spoof,0.0589
test/attack/15.mp4,attack,353,spoof,0.013
test/attack/15.mp4,attack,375,spoof,0.0066
test/attack/15.mp4,attack,397,spoof,0.0043
test/attack/16.mp4,attack,0,spoof,0.0
test/attack/16.mp4,attack,21,spoof,0.0
test/attack/16.mp4,attack,43,spoof,0.0002
test/attack/16.mp4,attack,65,spoof,0.0007
test/attack/16.mp4,attack,87,spoof,0.0001
test/attack/16.mp4,attack,108,spoof,0.0
test/attack/16.mp4,attack,130,spoof,0.0
test/attack/16.mp4,attack,152,spoof,0.0001
test/attack/16.mp4,attack,174,spoof,0.0
test/attack/16.mp4,attack,196,spoof,0.0005
test/attack/16.mp4,attack,217,spoof,0.252
test/attack/16.mp4,attack,239,spoof,0.375
test/attack/16.mp4,attack,261,spoof,0.7049
test/attack/16.mp4,attack,283,real,0.892
test/attack/16.mp4,attack,305,spoof,0.2809
test/attack/16.mp4,attack,326,spoof,0.5416
test/attack/16.mp4,attack,348,spoof,0.8243
test/attack/16.mp4,attack,370,spoof,0.7929
test/attack/16.mp4,attack,392,spoof,0.8028
test/attack/16.mp4,attack,414,spoof,0.7964
test/attack/17.mp4,attack,0,spoof,0.0004
test/attack/17.mp4,attack,18,spoof,0.0407
test/attack/17.mp4,attack,36,spoof,0.0241
test/attack/17.mp4,attack,54,spoof,0.4922
test/attack/17.mp4,attack,72,spoof,0.499
test/attack/17.mp4,attack,90,spoof,0.4999
test/attack/17.mp4,attack,108,spoof,0.4904
test/attack/17.mp4,attack,126,spoof,0.4981
test/attack/17.mp4,attack,144,spoof,0.4702
test/attack/17.mp4,attack,162,spoof,0.1498
test/attack/17.mp4,attack,180,real,0.9966
test/attack/17.mp4,attack,198,real,0.9986
test/attack/17.mp4,attack,216,real,0.9975
test/attack/17.mp4,attack,234,real,0.9994
test/attack/17.mp4,attack,252,real,0.9969
test/attack/17.mp4,attack,270,real,0.9983
test/attack/17.mp4,attack,288,real,0.9866
test/attack/17.mp4,attack,306,real,0.8516
test/attack/17.mp4,attack,324,real,0.8641
test/attack/17.mp4,attack,342,spoof,0.7788
test/attack/18.mp4,attack,0,spoof,0.0
test/attack/18.mp4,attack,28,spoof,0.0
test/attack/18.mp4,attack,56,spoof,0.1437
test/attack/18.mp4,attack,84,spoof,0.4981
test/attack/18.mp4,attack,112,spoof,0.0412
test/attack/18.mp4,attack,140,spoof,0.0013
test/attack/18.mp4,attack,168,real,0.9663
test/attack/18.mp4,attack,196,spoof,0.6626
test/attack/18.mp4,attack,224,spoof,0.0751
test/attack/18.mp4,attack,252,spoof,0.0505
test/attack/18.mp4,attack,280,spoof,0.2425
test/attack/18.mp4,attack,308,spoof,0.2014
test/attack/18.mp4,attack,336,spoof,0.0767
test/attack/18.mp4,attack,364,spoof,0.0039
test/attack/18.mp4,attack,392,spoof,0.2991
test/attack/18.mp4,attack,420,spoof,0.7412
test/attack/18.mp4,attack,448,spoof,0.3874
test/attack/18.mp4,attack,476,spoof,0.3413
test/attack/18.mp4,attack,504,spoof,0.0555
test/attack/18.mp4,attack,533,spoof,0.0036
test/attack/19.mp4,attack,0,spoof,0.0
test/attack/19.mp4,attack,20,spoof,0.0
test/attack/19.mp4,attack,40,spoof,0.0
test/attack/19.mp4,attack,60,spoof,0.0
test/attack/19.mp4,attack,81,spoof,0.0
test/attack/19.mp4,attack,101,spoof,0.0
test/attack/19.mp4,attack,121,spoof,0.0
test/attack/19.mp4,attack,142,spoof,0.0
test/attack/19.mp4,attack,162,spoof,0.0
test/attack/19.mp4,attack,182,real,0.9914
test/attack/19.mp4,attack,203,real,0.9902
test/attack/19.mp4,attack,223,real,0.9889
test/attack/19.mp4,attack,243,real,0.96
test/attack/19.mp4,attack,264,real,0.8802
test/attack/19.mp4,attack,284,spoof,0.3769
test/attack/19.mp4,attack,304,spoof,0.4611
test/attack/19.mp4,attack,325,real,0.8913
test/attack/19.mp4,attack,345,spoof,0.6634
test/attack/19.mp4,attack,365,spoof,0.54
test/attack/19.mp4,attack,386,real,0.9357
test/attack/2.mp4,attack,0,spoof,0.0003
test/attack/2.mp4,attack,22,spoof,0.0051
test/attack/2.mp4,attack,44,spoof,0.0275
test/attack/2.mp4,attack,66,spoof,0.0236
test/attack/2.mp4,attack,88,spoof,0.0597
test/attack/2.mp4,attack,110,spoof,0.114
test/attack/2.mp4,attack,132,spoof,0.0125
test/attack/2.mp4,attack,154,spoof,0.0457
test/attack/2.mp4,attack,176,spoof,0.2095
test/attack/2.mp4,attack,198,spoof,0.1962
test/attack/2.mp4,attack,220,spoof,0.4938
test/attack/2.mp4,attack,242,spoof,0.4161
test/attack/2.mp4,attack,264,spoof,0.5551
test/attack/2.mp4,attack,286,spoof,0.3163
test/attack/2.mp4,attack,308,spoof,0.1283
test/attack/2.mp4,attack,330,spoof,0.0852
test/attack/2.mp4,attack,352,spoof,0.01
test/attack/2.mp4,attack,374,spoof,0.0027
test/attack/2.mp4,attack,396,spoof,0.0004
test/attack/2.mp4,attack,419,spoof,0.001
test/attack/20.mp4,attack,0,spoof,0.1158
test/attack/20.mp4,attack,14,spoof,0.0052
test/attack/20.mp4,attack,28,spoof,0.3307
test/attack/20.mp4,attack,43,spoof,0.1026
test/attack/20.mp4,attack,57,spoof,0.0148
test/attack/20.mp4,attack,72,spoof,0.5478
test/attack/20.mp4,attack,86,real,0.8851
test/attack/20.mp4,attack,100,real,0.9258
test/attack/20.mp4,attack,115,spoof,0.574
test/attack/20.mp4,attack,129,spoof,0.7361
test/attack/20.mp4,attack,144,spoof,0.1312
test/attack/20.mp4,attack,158,spoof,0.1856
test/attack/20.mp4,attack,173,spoof,0.329
test/attack/20.mp4,attack,187,spoof,0.306
test/attack/20.mp4,attack,201,spoof,0.7231
test/attack/20.mp4,attack,216,spoof,0.1244
test/attack/20.mp4,attack,230,spoof,0.0981
test/attack/20.mp4,attack,245,spoof,0.0469
test/attack/20.mp4,attack,259,spoof,0.1642
test/attack/20.mp4,attack,274,spoof,0.0742
test/attack/21.mp4,attack,0,spoof,0.0
test/attack/21.mp4,attack,25,spoof,0.0
test/attack/21.mp4,attack,50,spoof,0.0
test/attack/21.mp4,attack,76,spoof,0.0
test/attack/21.mp4,attack,101,spoof,0.0
test/attack/21.mp4,attack,127,spoof,0.0
test/attack/21.mp4,attack,152,spoof,0.0
test/attack/21.mp4,attack,178,spoof,0.0
test/attack/21.mp4,attack,203,spoof,0.0
test/attack/21.mp4,attack,229,spoof,0.0003
test/attack/21.mp4,attack,254,spoof,0.0
test/attack/21.mp4,attack,280,spoof,0.0014
test/attack/21.mp4,attack,305,spoof,0.0007
test/attack/21.mp4,attack,331,spoof,0.0001
test/attack/21.mp4,attack,356,spoof,0.0
test/attack/21.mp4,attack,382,spoof,0.0
test/attack/21.mp4,attack,407,spoof,0.0
test/attack/21.mp4,attack,433,spoof,0.0
test/attack/21.mp4,attack,458,spoof,0.0
test/attack/21.mp4,attack,484,spoof,0.0
test/attack/22.mp4,attack,0,spoof,0.0002
test/attack/22.mp4,attack,10,spoof,0.0
test/attack/22.mp4,attack,20,spoof,0.0
test/attack/22.mp4,attack,31,spoof,0.2643
test/attack/22.mp4,attack,41,spoof,0.1499
test/attack/22.mp4,attack,52,spoof,0.5105
test/attack/22.mp4,attack,62,spoof,0.3389
test/attack/22.mp4,attack,72,real,0.9454
test/attack/22.mp4,attack,83,real,0.9512
test/attack/22.mp4,attack,93,spoof,0.129
test/attack/22.mp4,attack,104,spoof,0.3772
test/attack/22.mp4,attack,114,spoof,0.837
test/attack/22.mp4,attack,125,spoof,0.4873
test/attack/22.mp4,attack,135,spoof,0.1771
test/attack/22.mp4,attack,145,spoof,0.051
test/attack/22.mp4,attack,156,spoof,0.075
test/attack/22.mp4,attack,166,spoof,0.0608
test/attack/22.mp4,attack,177,spoof,0.0286
test/attack/22.mp4,attack,187,spoof,0.0092
test/attack/22.mp4,attack,198,spoof,0.0378
test/attack/23.mp4,attack,0,spoof,0.0
test/attack/23.mp4,attack,27,spoof,0.0219
test/attack/23.mp4,attack,54,spoof,0.0378
test/attack/23.mp4,attack,81,spoof,0.3123
test/attack/23.mp4,attack,108,spoof,0.2464
test/attack/23.mp4,attack,135,spoof,0.0476
test/attack/23.mp4,attack,162,spoof,0.1865
test/attack/23.mp4,attack,189,spoof,0.4661
test/attack/23.mp4,attack,216,spoof,0.3894
test/attack/23.mp4,attack,243,spoof,0.0081
test/attack/23.mp4,attack,270,spoof,0.0229
test/attack/23.mp4,attack,297,spoof,0.2413
test/attack/23.mp4,attack,324,spoof,0.3892
test/attack/23.mp4,attack,351,spoof,0.0473
test/attack/23.mp4,attack,378,spoof,0.0011
test/attack/23.mp4,attack,405,spoof,0.0002
test/attack/23.mp4,attack,432,spoof,0.0006
test/attack/23.mp4,attack,459,spoof,0.0
test/attack/23.mp4,attack,486,spoof,0.0015
test/attack/24.mp4,attack,0,spoof,0.0
test/attack/24.mp4,attack,12,spoof,0.0
test/attack/24.mp4,attack,25,spoof,0.0
test/attack/24.mp4,attack,38,spoof,0.0
test/attack/24.mp4,attack,51,spoof,0.0
test/attack/24.mp4,attack,64,spoof,0.0
test/attack/24.mp4,attack,77,spoof,0.0
test/attack/24.mp4,attack,89,spoof,0.0
test/attack/24.mp4,attack,102,spoof,0.0
test/attack/24.mp4,attack,115,spoof,0.0
test/attack/24.mp4,attack,128,spoof,0.0
test/attack/24.mp4,attack,141,spoof,0.0001
test/attack/24.mp4,attack,154,spoof,0.0
test/attack/24.mp4,attack,166,spoof,0.0
test/attack/24.mp4,attack,179,spoof,0.0
test/attack/24.mp4,attack,192,spoof,0.0
test/attack/24.mp4,attack,205,spoof,0.0
test/attack/24.mp4,attack,218,spoof,0.0
test/attack/24.mp4,attack,231,spoof,0.0
test/attack/24.mp4,attack,244,spoof,0.0
test/attack/25.mp4,attack,0,spoof,0.0
test/attack/25.mp4,attack,24,spoof,0.1232
test/attack/25.mp4,attack,48,spoof,0.004
test/attack/25.mp4,attack,72,spoof,0.0002
test/attack/25.mp4,attack,96,spoof,0.0003
test/attack/25.mp4,attack,120,spoof,0.0
test/attack/25.mp4,attack,144,spoof,0.0001
test/attack/25.mp4,attack,169,spoof,0.0221
test/attack/25.mp4,attack,193,spoof,0.7196
test/attack/25.mp4,attack,217,real,0.988
test/attack/25.mp4,attack,241,real,0.9848
test/attack/25.mp4,attack,265,spoof,0.1852
test/attack/25.mp4,attack,289,spoof,0.2553
test/attack/25.mp4,attack,314,real,0.9857
test/attack/25.mp4,attack,338,real,0.9893
test/attack/25.mp4,attack,362,real,0.9599
test/attack/25.mp4,attack,386,real,0.9661
test/attack/25.mp4,attack,410,real,0.9754
test/attack/25.mp4,attack,434,spoof,0.7716
test/attack/25.mp4,attack,459,real,0.8881
test/attack/26.mp4,attack,0,spoof,0.0
test/attack/26.mp4,attack,12,spoof,0.0001
test/attack/26.mp4,attack,25,spoof,0.0043
test/attack/26.mp4,attack,38,spoof,0.0007
test/attack/26.mp4,attack,50,spoof,0.2624
test/attack/26.mp4,attack,63,spoof,0.0014
test/attack/26.mp4,attack,76,spoof,0.0001
test/attack/26.mp4,attack,88,spoof,0.0
test/attack/26.mp4,attack,101,spoof,0.0002
test/attack/26.mp4,attack,114,spoof,0.0001
test/attack/26.mp4,attack,126,spoof,0.0001
test/attack/26.mp4,attack,139,spoof,0.0
test/attack/26.mp4,attack,152,spoof,0.0012
test/attack/26.mp4,attack,164,real,0.9541
test/attack/26.mp4,attack,177,spoof,0.2648
test/attack/26.mp4,attack,190,spoof,0.5161
test/attack/26.mp4,attack,202,spoof,0.7848
test/attack/26.mp4,attack,215,spoof,0.7522
test/attack/26.mp4,attack,228,spoof,0.4367
test/attack/27.mp4,attack,0,spoof,0.0
test/attack/27.mp4,attack,11,spoof,0.0
test/attack/27.mp4,attack,23,spoof,0.0
test/attack/27.mp4,attack,35,spoof,0.0
test/attack/27.mp4,attack,47,spoof,0.0
test/attack/27.mp4,attack,59,spoof,0.001
test/attack/27.mp4,attack,71,spoof,0.0
test/attack/27.mp4,attack,83,spoof,0.272
test/attack/27.mp4,attack,95,real,0.9877
test/attack/27.mp4,attack,107,real,0.9997
test/attack/27.mp4,attack,118,real,0.9898
test/attack/27.mp4,attack,130,real,0.8792
test/attack/27.mp4,attack,142,spoof,0.7126
test/attack/27.mp4,attack,154,real,0.9036
test/attack/27.mp4,attack,166,real,0.9172
test/attack/27.mp4,attack,178,real,0.9773
test/attack/27.mp4,attack,190,real,0.9942
test/attack/27.mp4,attack,202,real,0.9882
test/attack/27.mp4,attack,214,spoof,0.83
test/attack/27.mp4,attack,226,real,0.9041
test/attack/28.mp4,attack,0,spoof,0.0
test/attack/28.mp4,attack,24,spoof,0.0001
test/attack/28.mp4,attack,49,spoof,0.0001
test/attack/28.mp4,attack,74,spoof,0.0001
test/attack/28.mp4,attack,98,spoof,0.032
test/attack/28.mp4,attack,123,spoof,0.0003
test/attack/28.mp4,attack,148,real,0.9057
test/attack/28.mp4,attack,172,spoof,0.4537
test/attack/28.mp4,attack,197,real,0.8703
test/attack/28.mp4,attack,222,spoof,0.6435
test/attack/28.mp4,attack,246,spoof,0.8288
test/attack/28.mp4,attack,271,spoof,0.5309
test/attack/28.mp4,attack,296,spoof,0.4232
test/attack/28.mp4,attack,320,spoof,0.8315
test/attack/28.mp4,attack,345,real,0.93
test/attack/28.mp4,attack,370,real,0.9287
test/attack/28.mp4,attack,394,spoof,0.8412
test/attack/28.mp4,attack,419,spoof,0.66
test/attack/28.mp4,attack,444,spoof,0.754
test/attack/29.mp4,attack,0,spoof,0.0
test/attack/29.mp4,attack,12,spoof,0.0
test/attack/29.mp4,attack,25,spoof,0.0009
test/attack/29.mp4,attack,37,spoof,0.0146
test/attack/29.mp4,attack,50,spoof,0.0
test/attack/29.mp4,attack,62,spoof,0.0
test/attack/29.mp4,attack,75,spoof,0.0
test/attack/29.mp4,attack,87,spoof,0.0
test/attack/29.mp4,attack,100,spoof,0.0
test/attack/29.mp4,attack,112,spoof,0.0013
test/attack/29.mp4,attack,125,spoof,0.0002
test/attack/29.mp4,attack,137,spoof,0.0001
test/attack/29.mp4,attack,150,spoof,0.0
test/attack/29.mp4,attack,162,spoof,0.0
test/attack/29.mp4,attack,175,spoof,0.0001
test/attack/29.mp4,attack,187,spoof,0.0002
test/attack/29.mp4,attack,200,spoof,0.0
test/attack/29.mp4,attack,212,spoof,0.0
test/attack/29.mp4,attack,225,spoof,0.0
test/attack/29.mp4,attack,238,spoof,0.0
test/attack/3.mp4,attack,0,spoof,0.0
test/attack/3.mp4,attack,16,spoof,0.0
test/attack/3.mp4,attack,33,spoof,0.0051
test/attack/3.mp4,attack,49,spoof,0.4251
test/attack/3.mp4,attack,66,spoof,0.005
test/attack/3.mp4,attack,82,spoof,0.0169
test/attack/3.mp4,attack,99,real,0.9946
test/attack/3.mp4,attack,115,real,0.9994
test/attack/3.mp4,attack,132,real,0.9353
test/attack/3.mp4,attack,148,real,0.9534
test/attack/3.mp4,attack,165,real,0.9713
test/attack/3.mp4,attack,181,real,0.904
test/attack/3.mp4,attack,198,spoof,0.8426
test/attack/3.mp4,attack,214,real,0.9842
test/attack/3.mp4,attack,231,spoof,0.7821
test/attack/3.mp4,attack,247,spoof,0.6106
test/attack/3.mp4,attack,264,spoof,0.7039
test/attack/3.mp4,attack,280,real,0.9785
test/attack/3.mp4,attack,297,real,0.9432
test/attack/3.mp4,attack,314,real,0.8962
test/attack/30.mp4,attack,0,spoof,0.0003
test/attack/30.mp4,attack,34,spoof,0.0021
test/attack/30.mp4,attack,68,spoof,0.001
test/attack/30.mp4,attack,102,spoof,0.0001
test/attack/30.mp4,attack,137,spoof,0.0
test/attack/30.mp4,attack,171,spoof,0.0001
test/attack/30.mp4,attack,205,spoof,0.0023
test/attack/30.mp4,attack,240,spoof,0.7417
test/attack/30.mp4,attack,274,real,0.8702
test/attack/30.mp4,attack,308,spoof,0.0703
test/attack/30.mp4,attack,343,spoof,0.0002
test/attack/30.mp4,attack,377,spoof,0.0142
test/attack/30.mp4,attack,411,spoof,0.6107
test/attack/30.mp4,attack,446,spoof,0.238
test/attack/30.mp4,attack,480,spoof,0.1911
test/attack/30.mp4,attack,514,spoof,0.4266
test/attack/30.mp4,attack,549,spoof,0.634
test/attack/30.mp4,attack,583,spoof,0.4355
test/attack/30.mp4,attack,617,spoof,0.2773
test/attack/30.mp4,attack,652,spoof,0.0239
test/attack/31.mp4,attack,0,spoof,0.0
test/attack/31.mp4,attack,15,spoof,0.0002
test/attack/31.mp4,attack,31,spoof,0.0002
test/attack/31.mp4,attack,47,spoof,0.0
test/attack/31.mp4,attack,62,spoof,0.0001
test/attack/31.mp4,attack,78,spoof,0.1387
test/attack/31.mp4,attack,94,spoof,0.0014
test/attack/31.mp4,attack,110,spoof,0.0004
test/attack/31.mp4,attack,125,spoof,0.0001
test/attack/31.mp4,attack,141,spoof,0.0001
test/attack/31.mp4,attack,157,spoof,0.0001
test/attack/31.mp4,attack,173,spoof,0.0
test/attack/31.mp4,attack,188,spoof,0.0003
test/attack/31.mp4,attack,204,spoof,0.0124
test/attack/31.mp4,attack,220,spoof,0.0059
test/attack/31.mp4,attack,236,spoof,0.0188
test/attack/31.mp4,attack,251,spoof,0.0532
test/attack/31.mp4,attack,267,spoof,0.0389
test/attack/31.mp4,attack,283,spoof,0.0026
test/attack/31.mp4,attack,299,spoof,0.003
test/attack/32.mp4,attack,0,spoof,0.0
test/attack/32.mp4,attack,12,spoof,0.0
test/attack/32.mp4,attack,24,spoof,0.0
test/attack/32.mp4,attack,36,spoof,0.0
test/attack/32.mp4,attack,49,spoof,0.0
test/attack/32.mp4,attack,61,spoof,0.0
test/attack/32.mp4,attack,73,spoof,0.0001
test/attack/32.mp4,attack,86,spoof,0.005
test/attack/32.mp4,attack,98,spoof,0.0049
test/attack/32.mp4,attack,110,spoof,0.003
test/attack/32.mp4,attack,123,spoof,0.0002
test/attack/32.mp4,attack,135,spoof,0.004
test/attack/32.mp4,attack,147,spoof,0.0153
test/attack/32.mp4,attack,160,spoof,0.2508
test/attack/32.mp4,attack,172,spoof,0.0243
test/attack/32.mp4,attack,184,spoof,0.0057
test/attack/32.mp4,attack,197,spoof,0.0004
test/attack/32.mp4,attack,209,spoof,0.0122
test/attack/32.mp4,attack,221,spoof,0.0056
test/attack/32.mp4,attack,234,spoof,0.0013
test/attack/33.mp4,attack,0,spoof,0.0301
test/attack/33.mp4,attack,14,spoof,0.0494
test/attack/33.mp4,attack,28,spoof,0.0004
test/attack/33.mp4,attack,42,spoof,0.0353
test/attack/33.mp4,attack,56,spoof,0.0783
test/attack/33.mp4,attack,70,spoof,0.1423
test/attack/33.mp4,attack,84,spoof,0.1627
test/attack/33.mp4,attack,98,spoof,0.0744
test/attack/33.mp4,attack,112,spoof,0.0585
test/attack/33.mp4,attack,126,spoof,0.2399
test/attack/33.mp4,attack,140,spoof,0.4473
test/attack/33.mp4,attack,154,spoof,0.009
test/attack/33.mp4,attack,168,spoof,0.0
test/attack/33.mp4,attack,182,spoof,0.6576
test/attack/33.mp4,attack,196,no_face,
test/attack/33.mp4,attack,210,spoof,0.0068
test/attack/33.mp4,attack,224,spoof,0.0
test/attack/33.mp4,attack,238,spoof,0.0057
test/attack/33.mp4,attack,252,spoof,0.0114
test/attack/33.mp4,attack,267,spoof,0.0039
test/attack/34.mp4,attack,0,spoof,0.0
test/attack/34.mp4,attack,15,spoof,0.0003
test/attack/34.mp4,attack,30,spoof,0.0001
test/attack/34.mp4,attack,45,spoof,0.0
test/attack/34.mp4,attack,60,spoof,0.2053
test/attack/34.mp4,attack,75,spoof,0.0073
test/attack/34.mp4,attack,90,spoof,0.0
test/attack/34.mp4,attack,105,spoof,0.0
test/attack/34.mp4,attack,120,spoof,0.0022
test/attack/34.mp4,attack,135,spoof,0.0002
test/attack/34.mp4,attack,151,spoof,0.0013
test/attack/34.mp4,attack,166,spoof,0.006
test/attack/34.mp4,attack,181,spoof,0.0041
test/attack/34.mp4,attack,196,spoof,0.0001
test/attack/34.mp4,attack,211,spoof,0.0004
test/attack/34.mp4,attack,226,spoof,0.0008
test/attack/34.mp4,attack,241,spoof,0.0494
test/attack/34.mp4,attack,256,spoof,0.0004
test/attack/34.mp4,attack,271,spoof,0.0002
test/attack/34.mp4,attack,287,spoof,0.0002
test/attack/35.mp4,attack,0,spoof,0.0001
test/attack/35.mp4,attack,26,spoof,0.0018
test/attack/35.mp4,attack,53,spoof,0.1464
test/attack/35.mp4,attack,79,spoof,0.7563
test/attack/35.mp4,attack,106,spoof,0.0686
test/attack/35.mp4,attack,133,spoof,0.0
test/attack/35.mp4,attack,159,spoof,0.0001
test/attack/35.mp4,attack,186,spoof,0.0067
test/attack/35.mp4,attack,213,spoof,0.0112
test/attack/35.mp4,attack,239,spoof,0.0933
test/attack/35.mp4,attack,266,spoof,0.0028
test/attack/35.mp4,attack,292,spoof,0.1542
test/attack/35.mp4,attack,319,spoof,0.2446
test/attack/35.mp4,attack,346,spoof,0.0009
test/attack/35.mp4,attack,372,spoof,0.0
test/attack/35.mp4,attack,399,spoof,0.0
test/attack/35.mp4,attack,426,spoof,0.0001
test/attack/35.mp4,attack,452,spoof,0.0
test/attack/35.mp4,attack,479,spoof,0.0001
test/attack/35.mp4,attack,506,spoof,0.0001
test/attack/36.mp4,attack,0,spoof,0.0003
test/attack/36.mp4,attack,17,spoof,0.0001
test/attack/36.mp4,attack,35,spoof,0.0002
test/attack/36.mp4,attack,53,spoof,0.003
test/attack/36.mp4,attack,71,spoof,0.0029
test/attack/36.mp4,attack,89,spoof,0.003
test/attack/36.mp4,attack,107,spoof,0.0002
test/attack/36.mp4,attack,124,spoof,0.0001
test/attack/36.mp4,attack,142,spoof,0.0021
test/attack/36.mp4,attack,160,spoof,0.0026
test/attack/36.mp4,attack,178,spoof,0.0109
test/attack/36.mp4,attack,196,spoof,0.0135
test/attack/36.mp4,attack,214,spoof,0.4293
test/attack/36.mp4,attack,231,spoof,0.565
test/attack/36.mp4,attack,249,spoof,0.0086
test/attack/36.mp4,attack,267,spoof,0.0006
test/attack/36.mp4,attack,285,spoof,0.0004
test/attack/36.mp4,attack,303,spoof,0.0049
test/attack/36.mp4,attack,321,spoof,0.0014
test/attack/36.mp4,attack,339,spoof,0.0038
test/attack/37.mp4,attack,0,spoof,0.0006
test/attack/37.mp4,attack,21,spoof,0.0002
test/attack/37.mp4,attack,43,spoof,0.081
test/attack/37.mp4,attack,64,spoof,0.0045
test/attack/37.mp4,attack,86,spoof,0.0006
test/attack/37.mp4,attack,108,spoof,0.0005
test/attack/37.mp4,attack,129,spoof,0.0005
test/attack/37.mp4,attack,151,spoof,0.0004
test/attack/37.mp4,attack,173,spoof,0.0004
test/attack/37.mp4,attack,194,spoof,0.0407
test/attack/37.mp4,attack,216,spoof,0.0151
test/attack/37.mp4,attack,237,spoof,0.0003
test/attack/37.mp4,attack,259,spoof,0.0002
test/attack/37.mp4,attack,281,spoof,0.0002
test/attack/37.mp4,attack,302,spoof,0.0001
test/attack/37.mp4,attack,324,spoof,0.0001
test/attack/37.mp4,attack,346,spoof,0.0001
test/attack/37.mp4,attack,367,spoof,0.0001
test/attack/37.mp4,attack,389,spoof,0.0
test/attack/37.mp4,attack,411,spoof,0.0
test/attack/38.mp4,attack,0,too_small,
test/attack/38.mp4,attack,17,too_small,
test/attack/38.mp4,attack,35,too_small,
test/attack/38.mp4,attack,53,too_small,
test/attack/38.mp4,attack,70,too_small,
test/attack/38.mp4,attack,88,too_small,
test/attack/38.mp4,attack,106,spoof,0.002
test/attack/38.mp4,attack,123,spoof,0.0046
test/attack/38.mp4,attack,141,spoof,0.0051
test/attack/38.mp4,attack,159,spoof,0.1101
test/attack/38.mp4,attack,176,spoof,0.0929
test/attack/38.mp4,attack,194,real,0.9346
test/attack/38.mp4,attack,212,spoof,0.3175
test/attack/38.mp4,attack,229,spoof,0.0952
test/attack/38.mp4,attack,247,spoof,0.5742
test/attack/38.mp4,attack,265,spoof,0.1897
test/attack/38.mp4,attack,282,spoof,0.7165
test/attack/38.mp4,attack,300,spoof,0.1301
test/attack/38.mp4,attack,318,spoof,0.0501
test/attack/38.mp4,attack,336,spoof,0.0144
test/attack/39.mp4,attack,0,no_face,
test/attack/39.mp4,attack,18,no_face,
test/attack/39.mp4,attack,36,no_face,
test/attack/39.mp4,attack,55,no_face,
test/attack/39.mp4,attack,73,spoof,0.0
test/attack/39.mp4,attack,92,spoof,0.0
test/attack/39.mp4,attack,110,spoof,0.0
test/attack/39.mp4,attack,128,spoof,0.0
test/attack/39.mp4,attack,147,spoof,0.5016
test/attack/39.mp4,attack,165,spoof,0.0055
test/attack/39.mp4,attack,184,spoof,0.0343
test/attack/39.mp4,attack,202,spoof,0.6403
test/attack/39.mp4,attack,221,spoof,0.461
test/attack/39.mp4,attack,239,spoof,0.0049
test/attack/39.mp4,attack,257,spoof,0.4974
test/attack/39.mp4,attack,276,spoof,0.7601
test/attack/39.mp4,attack,294,spoof,0.0174
test/attack/39.mp4,attack,313,spoof,0.0022
test/attack/39.mp4,attack,331,no_face,
test/attack/4.mp4,attack,0,no_face,
test/attack/4.mp4,attack,13,spoof,0.0054
test/attack/4.mp4,attack,26,spoof,0.0051
test/attack/4.mp4,attack,39,spoof,0.0002
test/attack/4.mp4,attack,52,spoof,0.0006
test/attack/4.mp4,attack,65,spoof,0.0181
test/attack/4.mp4,attack,78,spoof,0.0031
test/attack/4.mp4,attack,92,spoof,0.0693
test/attack/4.mp4,attack,105,spoof,0.0002
test/attack/4.mp4,attack,118,spoof,0.0
test/attack/4.mp4,attack,131,spoof,0.0
test/attack/4.mp4,attack,144,spoof,0.0
test/attack/4.mp4,attack,157,spoof,0.0
test/attack/4.mp4,attack,171,spoof,0.0037
test/attack/4.mp4,attack,184,spoof,0.0003
test/attack/4.mp4,attack,197,spoof,0.0064
test/attack/4.mp4,attack,210,spoof,0.0265
test/attack/4.mp4,attack,223,spoof,0.0169
test/attack/4.mp4,attack,236,spoof,0.0428
test/attack/4.mp4,attack,250,spoof,0.065
test/attack/40.mp4,attack,0,spoof,0.4241
test/attack/40.mp4,attack,12,spoof,0.4945
test/attack/40.mp4,attack,25,spoof,0.4975
test/attack/40.mp4,attack,37,spoof,0.4845
test/attack/40.mp4,attack,50,spoof,0.7993
test/attack/40.mp4,attack,63,spoof,0.4884
test/attack/40.mp4,attack,75,spoof,0.674
test/attack/40.mp4,attack,88,real,0.9633
test/attack/40.mp4,attack,101,real,0.8748
test/attack/40.mp4,attack,113,real,0.9908
test/attack/40.mp4,attack,126,real,0.9971
test/attack/40.mp4,attack,138,spoof,0.53
test/attack/40.mp4,attack,151,real,0.9206
test/attack/40.mp4,attack,164,real,0.9892
test/attack/40.mp4,attack,176,real,0.9447
test/attack/40.mp4,attack,189,spoof,0.8389
test/attack/40.mp4,attack,202,real,0.8831
test/attack/40.mp4,attack,214,spoof,0.6679
test/attack/40.mp4,attack,227,spoof,0.5405
test/attack/40.mp4,attack,240,real,0.9298
test/attack/41.mp4,attack,0,spoof,0.1803
test/attack/41.mp4,attack,18,too_small,
test/attack/41.mp4,attack,36,too_small,
test/attack/41.mp4,attack,55,too_small,
test/attack/41.mp4,attack,73,too_small,
test/attack/41.mp4,attack,91,too_small,
test/attack/41.mp4,attack,110,too_small,
test/attack/41.mp4,attack,128,too_small,
test/attack/41.mp4,attack,146,spoof,0.0068
test/attack/41.mp4,attack,165,too_small,
test/attack/41.mp4,attack,183,spoof,0.0503
test/attack/41.mp4,attack,202,spoof,0.0393
test/attack/41.mp4,attack,220,real,0.8919
test/attack/41.mp4,attack,238,real,0.9523
test/attack/41.mp4,attack,257,real,0.8985
test/attack/41.mp4,attack,275,real,0.9516
test/attack/41.mp4,attack,293,spoof,0.5064
test/attack/41.mp4,attack,312,spoof,0.5057
test/attack/41.mp4,attack,330,spoof,0.4621
test/attack/41.mp4,attack,349,spoof,0.4767
test/attack/42.mp4,attack,0,spoof,0.0
test/attack/42.mp4,attack,15,spoof,0.0003
test/attack/42.mp4,attack,31,spoof,0.0
test/attack/42.mp4,attack,46,spoof,0.0
test/attack/42.mp4,attack,62,spoof,0.0006
test/attack/42.mp4,attack,77,spoof,0.0042
test/attack/42.mp4,attack,93,spoof,0.0206
test/attack/42.mp4,attack,108,spoof,0.0448
test/attack/42.mp4,attack,124,spoof,0.0041
test/attack/42.mp4,attack,139,spoof,0.0366
test/attack/42.mp4,attack,155,spoof,0.3652
test/attack/42.mp4,attack,170,spoof,0.0959
test/attack/42.mp4,attack,186,spoof,0.4489
test/attack/42.mp4,attack,201,spoof,0.5074
test/attack/42.mp4,attack,217,spoof,0.8414
test/attack/42.mp4,attack,232,real,0.9384
test/attack/42.mp4,attack,248,real,0.9856
test/attack/42.mp4,attack,263,real,0.8744
test/attack/42.mp4,attack,279,spoof,0.0332
test/attack/42.mp4,attack,295,spoof,0.0678
test/attack/43.mp4,attack,0,spoof,0.0002
test/attack/43.mp4,attack,23,spoof,0.008
test/attack/43.mp4,attack,47,spoof,0.0009
test/attack/43.mp4,attack,71,spoof,0.0
test/attack/43.mp4,attack,95,spoof,0.0011
test/attack/43.mp4,attack,119,spoof,0.0003
test/attack/43.mp4,attack,143,spoof,0.0
test/attack/43.mp4,attack,167,spoof,0.0
test/attack/43.mp4,attack,191,spoof,0.0
test/attack/43.mp4,attack,215,spoof,0.0
test/attack/43.mp4,attack,239,spoof,0.0
test/attack/43.mp4,attack,263,spoof,0.0
test/attack/43.mp4,attack,287,spoof,0.0
test/attack/43.mp4,attack,311,spoof,0.0
test/attack/43.mp4,attack,335,spoof,0.0
test/attack/43.mp4,attack,359,spoof,0.0
test/attack/43.mp4,attack,383,spoof,0.0
test/attack/43.mp4,attack,407,spoof,0.0
test/attack/43.mp4,attack,431,spoof,0.0
test/attack/43.mp4,attack,455,spoof,0.0
test/attack/44.mp4,attack,0,too_small,
test/attack/44.mp4,attack,20,too_small,
test/attack/44.mp4,attack,40,too_small,
test/attack/44.mp4,attack,61,spoof,0.0015
test/attack/44.mp4,attack,81,spoof,0.0001
test/attack/44.mp4,attack,102,spoof,0.0668
test/attack/44.mp4,attack,122,spoof,0.3342
test/attack/44.mp4,attack,143,spoof,0.5922
test/attack/44.mp4,attack,163,real,0.9656
test/attack/44.mp4,attack,184,spoof,0.8438
test/attack/44.mp4,attack,204,spoof,0.5566
test/attack/44.mp4,attack,225,real,0.9662
test/attack/44.mp4,attack,245,real,0.9569
test/attack/44.mp4,attack,266,real,0.9809
test/attack/44.mp4,attack,286,spoof,0.6493
test/attack/44.mp4,attack,307,spoof,0.409
test/attack/44.mp4,attack,327,spoof,0.3291
test/attack/44.mp4,attack,348,spoof,0.8451
test/attack/44.mp4,attack,368,spoof,0.0205
test/attack/44.mp4,attack,389,spoof,0.0273
test/attack/45.mp4,attack,0,spoof,0.0
test/attack/45.mp4,attack,11,spoof,0.0
test/attack/45.mp4,attack,23,spoof,0.0
test/attack/45.mp4,attack,34,spoof,0.0
test/attack/45.mp4,attack,46,spoof,0.0
test/attack/45.mp4,attack,57,spoof,0.0005
test/attack/45.mp4,attack,69,spoof,0.0046
test/attack/45.mp4,attack,81,spoof,0.0007
test/attack/45.mp4,attack,92,spoof,0.0088
test/attack/45.mp4,attack,104,spoof,0.0409
test/attack/45.mp4,attack,115,spoof,0.014
test/attack/45.mp4,attack,127,spoof,0.0
test/attack/45.mp4,attack,138,spoof,0.0001
test/attack/45.mp4,attack,150,spoof,0.3039
test/attack/45.mp4,attack,162,spoof,0.4027
test/attack/45.mp4,attack,173,spoof,0.0096
test/attack/45.mp4,attack,185,spoof,0.0005
test/attack/45.mp4,attack,196,spoof,0.0016
test/attack/45.mp4,attack,208,spoof,0.0004
test/attack/46.mp4,attack,0,spoof,0.0
test/attack/46.mp4,attack,28,spoof,0.0
test/attack/46.mp4,attack,57,spoof,0.0003
test/attack/46.mp4,attack,85,spoof,0.0083
test/attack/46.mp4,attack,114,spoof,0.0
test/attack/46.mp4,attack,143,spoof,0.0082
test/attack/46.mp4,attack,171,spoof,0.0323
test/attack/46.mp4,attack,200,spoof,0.0
test/attack/46.mp4,attack,229,spoof,0.0
test/attack/46.mp4,attack,257,spoof,0.0002
test/attack/46.mp4,attack,286,no_face,
test/attack/46.mp4,attack,314,spoof,0.0023
test/attack/46.mp4,attack,343,spoof,0.0
test/attack/46.mp4,attack,372,spoof,0.0202
test/attack/46.mp4,attack,400,spoof,0.0003
test/attack/46.mp4,attack,429,spoof,0.0045
test/attack/46.mp4,attack,458,spoof,0.0
test/attack/46.mp4,attack,486,spoof,0.0
test/attack/46.mp4,attack,515,spoof,0.0
test/attack/46.mp4,attack,544,spoof,0.0
test/attack/47.mp4,attack,0,spoof,0.0025
test/attack/47.mp4,attack,26,spoof,0.0044
test/attack/47.mp4,attack,53,spoof,0.0032
test/attack/47.mp4,attack,80,spoof,0.0003
test/attack/47.mp4,attack,107,spoof,0.0023
test/attack/47.mp4,attack,133,spoof,0.0029
test/attack/47.mp4,attack,160,spoof,0.0123
test/attack/47.mp4,attack,187,spoof,0.5531
test/attack/47.mp4,attack,214,spoof,0.7616
test/attack/47.mp4,attack,241,real,0.9914
test/attack/47.mp4,attack,267,spoof,0.1547
test/attack/47.mp4,attack,294,spoof,0.1038
test/attack/47.mp4,attack,321,spoof,0.6663
test/attack/47.mp4,attack,348,spoof,0.4653
test/attack/47.mp4,attack,375,spoof,0.6463
test/attack/47.mp4,attack,401,spoof,0.4882
test/attack/47.mp4,attack,428,spoof,0.593
test/attack/47.mp4,attack,455,spoof,0.0002
test/attack/47.mp4,attack,482,spoof,0.205
test/attack/47.mp4,attack,509,spoof,0.6001
test/attack/48.mp4,attack,0,spoof,0.0047
test/attack/48.mp4,attack,17,spoof,0.0017
test/attack/48.mp4,attack,34,spoof,0.0039
test/attack/48.mp4,attack,51,spoof,0.0363
test/attack/48.mp4,attack,68,spoof,0.3582
test/attack/48.mp4,attack,85,spoof,0.16
test/attack/48.mp4,attack,102,spoof,0.351
test/attack/48.mp4,attack,119,spoof,0.0407
test/attack/48.mp4,attack,136,spoof,0.0018
test/attack/48.mp4,attack,153,spoof,0.4547
test/attack/48.mp4,attack,171,spoof,0.4617
test/attack/48.mp4,attack,188,spoof,0.0046
test/attack/48.mp4,attack,205,spoof,0.0001
test/attack/48.mp4,attack,222,spoof,0.0004
test/attack/48.mp4,attack,239,spoof,0.0118
test/attack/48.mp4,attack,256,spoof,0.4858
test/attack/48.mp4,attack,273,spoof,0.3504
test/attack/48.mp4,attack,290,spoof,0.0201
test/attack/48.mp4,attack,307,spoof,0.0004
test/attack/48.mp4,attack,325,spoof,0.0002
test/attack/49.mp4,attack,0,too_small,
test/attack/49.mp4,attack,41,too_small,
test/attack/49.mp4,attack,82,spoof,0.2828
test/attack/49.mp4,attack,123,spoof,0.4906
test/attack/49.mp4,attack,164,spoof,0.0476
test/attack/49.mp4,attack,205,spoof,0.0
test/attack/49.mp4,attack,246,spoof,0.0007
test/attack/49.mp4,attack,288,spoof,0.0013
test/attack/49.mp4,attack,329,spoof,0.0
test/attack/49.mp4,attack,370,spoof,0.0
test/attack/49.mp4,attack,411,spoof,0.0
test/attack/49.mp4,attack,452,spoof,0.0033
test/attack/49.mp4,attack,493,spoof,0.0
test/attack/49.mp4,attack,535,spoof,0.1633
test/attack/49.mp4,attack,576,spoof,0.4801
test/attack/49.mp4,attack,617,spoof,0.4826
test/attack/49.mp4,attack,658,spoof,0.01
test/attack/49.mp4,attack,699,spoof,0.0
test/attack/49.mp4,attack,740,spoof,0.0679
test/attack/49.mp4,attack,782,spoof,0.0001
test/attack/5.mp4,attack,0,spoof,0.0
test/attack/5.mp4,attack,22,spoof,0.0001
test/attack/5.mp4,attack,45,spoof,0.0015
test/attack/5.mp4,attack,67,spoof,0.0003
test/attack/5.mp4,attack,90,spoof,0.0
test/attack/5.mp4,attack,113,spoof,0.0
test/attack/5.mp4,attack,135,spoof,0.0094
test/attack/5.mp4,attack,158,spoof,0.0054
test/attack/5.mp4,attack,181,spoof,0.0
test/attack/5.mp4,attack,203,spoof,0.0001
test/attack/5.mp4,attack,226,no_face,
test/attack/5.mp4,attack,248,no_face,
test/attack/5.mp4,attack,271,no_face,
test/attack/5.mp4,attack,294,spoof,0.0
test/attack/5.mp4,attack,316,spoof,0.0001
test/attack/5.mp4,attack,339,spoof,0.0
test/attack/5.mp4,attack,362,spoof,0.0
test/attack/5.mp4,attack,384,spoof,0.0
test/attack/5.mp4,attack,407,spoof,0.0
test/attack/5.mp4,attack,430,spoof,0.0
test/attack/50.mp4,attack,0,spoof,0.0007
test/attack/50.mp4,attack,18,spoof,0.3345
test/attack/50.mp4,attack,37,spoof,0.0006
test/attack/50.mp4,attack,55,spoof,0.0
test/attack/50.mp4,attack,74,spoof,0.0
test/attack/50.mp4,attack,93,spoof,0.0
test/attack/50.mp4,attack,111,spoof,0.0001
test/attack/50.mp4,attack,130,spoof,0.0113
test/attack/50.mp4,attack,149,spoof,0.0035
test/attack/50.mp4,attack,167,spoof,0.2723
test/attack/50.mp4,attack,186,spoof,0.5866
test/attack/50.mp4,attack,204,spoof,0.0744
test/attack/50.mp4,attack,223,spoof,0.0682
test/attack/50.mp4,attack,242,spoof,0.0025
test/attack/50.mp4,attack,260,spoof,0.4737
test/attack/50.mp4,attack,279,spoof,0.6999
test/attack/50.mp4,attack,298,spoof,0.0078
test/attack/50.mp4,attack,316,spoof,0.0627
test/attack/50.mp4,attack,335,spoof,0.0844
test/attack/50.mp4,attack,354,spoof,0.0839
test/attack/51.mp4,attack,0,spoof,0.0004
test/attack/51.mp4,attack,18,spoof,0.0003
test/attack/51.mp4,attack,36,spoof,0.0072
test/attack/51.mp4,attack,54,spoof,0.0008
test/attack/51.mp4,attack,72,spoof,0.0021
test/attack/51.mp4,attack,90,spoof,0.0108
test/attack/51.mp4,attack,108,spoof,0.0004
test/attack/51.mp4,attack,126,spoof,0.0269
test/attack/51.mp4,attack,144,spoof,0.0903
test/attack/51.mp4,attack,162,spoof,0.0607
test/attack/51.mp4,attack,180,spoof,0.093
test/attack/51.mp4,attack,198,spoof,0.0148
test/attack/51.mp4,attack,216,spoof,0.7201
test/attack/51.mp4,attack,234,spoof,0.5958
test/attack/51.mp4,attack,252,spoof,0.4843
test/attack/51.mp4,attack,270,spoof,0.6033
test/attack/51.mp4,attack,288,spoof,0.0021
test/attack/51.mp4,attack,306,spoof,0.0093
test/attack/51.mp4,attack,324,spoof,0.0105
test/attack/51.mp4,attack,342,spoof,0.0168
test/attack/52.mp4,attack,0,spoof,0.4243
test/attack/52.mp4,attack,29,spoof,0.0383
test/attack/52.mp4,attack,58,spoof,0.0102
test/attack/52.mp4,attack,88,spoof,0.0096
test/attack/52.mp4,attack,117,real,0.9761
test/attack/52.mp4,attack,146,real,0.9979
test/attack/52.mp4,attack,176,real,0.9854
test/attack/52.mp4,attack,205,real,0.9875
test/attack/52.mp4,attack,234,spoof,0.7333
test/attack/52.mp4,attack,264,real,0.906
test/attack/52.mp4,attack,293,real,0.9264
test/attack/52.mp4,attack,323,real,0.9168
test/attack/52.mp4,attack,352,spoof,0.7847
test/attack/52.mp4,attack,381,spoof,0.6587
test/attack/52.mp4,attack,411,spoof,0.8244
test/attack/52.mp4,attack,440,spoof,0.204
test/attack/52.mp4,attack,469,spoof,0.7992
test/attack/52.mp4,attack,499,spoof,0.4422
test/attack/52.mp4,attack,528,spoof,0.2744
test/attack/52.mp4,attack,558,spoof,0.3885
test/attack/53.mp4,attack,0,spoof,0.0004
test/attack/53.mp4,attack,17,spoof,0.0
test/attack/53.mp4,attack,35,spoof,0.0
test/attack/53.mp4,attack,53,spoof,0.0003
test/attack/53.mp4,attack,70,spoof,0.0076
test/attack/53.mp4,attack,88,spoof,0.0018
test/attack/53.mp4,attack,106,spoof,0.0034
test/attack/53.mp4,attack,123,spoof,0.0075
test/attack/53.mp4,attack,141,spoof,0.0424
test/attack/53.mp4,attack,159,spoof,0.0213
test/attack/53.mp4,attack,176,spoof,0.0022
test/attack/53.mp4,attack,194,spoof,0.0116
test/attack/53.mp4,attack,212,spoof,0.2811
test/attack/53.mp4,attack,229,spoof,0.0615
test/attack/53.mp4,attack,247,spoof,0.2055
test/attack/53.mp4,attack,265,spoof,0.3495
test/attack/53.mp4,attack,282,spoof,0.0238
test/attack/53.mp4,attack,300,spoof,0.0055
test/attack/53.mp4,attack,318,spoof,0.0008
test/attack/53.mp4,attack,336,spoof,0.0001
test/attack/54.mp4,attack,0,spoof,0.0009
test/attack/54.mp4,attack,14,spoof,0.0
test/attack/54.mp4,attack,28,spoof,0.0001
test/attack/54.mp4,attack,42,spoof,0.0
test/attack/54.mp4,attack,56,spoof,0.0
test/attack/54.mp4,attack,70,spoof,0.0094
test/attack/54.mp4,attack,84,spoof,0.0077
test/attack/54.mp4,attack,98,spoof,0.0449
test/attack/54.mp4,attack,112,spoof,0.0188
test/attack/54.mp4,attack,126,spoof,0.0036
test/attack/54.mp4,attack,140,spoof,0.0771
test/attack/54.mp4,attack,154,spoof,0.4692
test/attack/54.mp4,attack,168,spoof,0.0742
test/attack/54.mp4,attack,182,spoof,0.0
test/attack/54.mp4,attack,196,spoof,0.0
test/attack/54.mp4,attack,210,spoof,0.0
test/attack/54.mp4,attack,224,spoof,0.0004
test/attack/54.mp4,attack,238,spoof,0.0002
test/attack/54.mp4,attack,252,spoof,0.0018
test/attack/54.mp4,attack,266,spoof,0.0003
test/attack/6.mp4,attack,0,spoof,0.0
test/attack/6.mp4,attack,12,spoof,0.0
test/attack/6.mp4,attack,24,spoof,0.0
test/attack/6.mp4,attack,36,spoof,0.0
test/attack/6.mp4,attack,49,spoof,0.0
test/attack/6.mp4,attack,61,spoof,0.0
test/attack/6.mp4,attack,73,spoof,0.0
test/attack/6.mp4,attack,85,spoof,0.0
test/attack/6.mp4,attack,98,spoof,0.0002
test/attack/6.mp4,attack,110,no_face,
test/attack/6.mp4,attack,122,spoof,0.0025
test/attack/6.mp4,attack,134,spoof,0.2511
test/attack/6.mp4,attack,147,spoof,0.0012
test/attack/6.mp4,attack,159,spoof,0.0001
test/attack/6.mp4,attack,171,spoof,0.0
test/attack/6.mp4,attack,183,spoof,0.0
test/attack/6.mp4,attack,196,spoof,0.0008
test/attack/6.mp4,attack,208,spoof,0.0093
test/attack/6.mp4,attack,220,spoof,0.0
test/attack/6.mp4,attack,233,spoof,0.0001
test/attack/7.mp4,attack,0,spoof,0.0
test/attack/7.mp4,attack,17,spoof,0.0
test/attack/7.mp4,attack,35,spoof,0.0001
test/attack/7.mp4,attack,53,spoof,0.0
test/attack/7.mp4,attack,70,spoof,0.0
test/attack/7.mp4,attack,88,spoof,0.0
test/attack/7.mp4,attack,106,spoof,0.0
test/attack/7.mp4,attack,123,spoof,0.0002
test/attack/7.mp4,attack,141,spoof,0.0025
test/attack/7.mp4,attack,159,spoof,0.1085
test/attack/7.mp4,attack,176,spoof,0.1348
test/attack/7.mp4,attack,194,spoof,0.3851
test/attack/7.mp4,attack,212,spoof,0.0107
test/attack/7.mp4,attack,229,spoof,0.0009
test/attack/7.mp4,attack,247,spoof,0.0017
test/attack/7.mp4,attack,265,spoof,0.0234
test/attack/7.mp4,attack,282,spoof,0.0017
test/attack/7.mp4,attack,300,spoof,0.0015
test/attack/7.mp4,attack,318,spoof,0.0116
test/attack/7.mp4,attack,336,spoof,0.0038
test/attack/8.mp4,attack,0,spoof,0.0001
test/attack/8.mp4,attack,14,spoof,0.0015
test/attack/8.mp4,attack,29,spoof,0.0001
test/attack/8.mp4,attack,44,spoof,0.0001
test/attack/8.mp4,attack,59,spoof,0.0
test/attack/8.mp4,attack,74,spoof,0.0005
test/attack/8.mp4,attack,89,spoof,0.0003
test/attack/8.mp4,attack,103,spoof,0.0049
test/attack/8.mp4,attack,118,spoof,0.0003
test/attack/8.mp4,attack,133,spoof,0.0011
test/attack/8.mp4,attack,148,spoof,0.0005
test/attack/8.mp4,attack,163,spoof,0.2541
test/attack/8.mp4,attack,178,spoof,0.0511
test/attack/8.mp4,attack,192,spoof,0.0
test/attack/8.mp4,attack,207,spoof,0.0255
test/attack/8.mp4,attack,222,spoof,0.1571
test/attack/8.mp4,attack,237,spoof,0.0003
test/attack/8.mp4,attack,252,spoof,0.0057
test/attack/8.mp4,attack,267,spoof,0.0154
test/attack/8.mp4,attack,282,spoof,0.0329
test/attack/9.mp4,attack,0,spoof,0.224
test/attack/9.mp4,attack,19,spoof,0.291
test/attack/9.mp4,attack,39,spoof,0.0001
test/attack/9.mp4,attack,58,spoof,0.0
test/attack/9.mp4,attack,78,spoof,0.0001
test/attack/9.mp4,attack,97,spoof,0.0008
test/attack/9.mp4,attack,117,spoof,0.0001
test/attack/9.mp4,attack,136,spoof,0.0001
test/attack/9.mp4,attack,156,spoof,0.0471
test/attack/9.mp4,attack,175,real,0.9986
test/attack/9.mp4,attack,195,real,0.9998
test/attack/9.mp4,attack,214,real,0.9988
test/attack/9.mp4,attack,234,real,0.9973
test/attack/9.mp4,attack,253,real,0.9961
test/attack/9.mp4,attack,273,real,0.9966
test/attack/9.mp4,attack,292,real,0.9918
test/attack/9.mp4,attack,312,real,0.9923
test/attack/9.mp4,attack,331,real,0.9874
test/attack/9.mp4,attack,351,real,0.9977
test/attack/9.mp4,attack,371,real,0.9743
